site_id,passes,dry_share,peak_share,peak_date,extra_share,drained80,drained90,still_wet_jan31
ADM3_Abhaynagar,67,0.11,0.122,2025-08-09,0.012,,,False
ADM3_Adabor,44,0.009,0.019,2025-10-29,0.009,,,False
ADM3_Adamdighi,88,0.044,0.201,2025-08-04,0.157,2025-08-18,2025-08-18,False
ADM3_Aditmari,67,0.107,0.139,2025-08-04,0.032,2025-09-09,2025-09-09,False
ADM3_Agailjhara,42,0.1,0.104,2025-09-09,0.004,,,False
ADM3_Ajmiriganj,87,0.046,0.202,2025-09-28,0.155,2025-11-17,2025-11-29,False
ADM3_Akhaura,84,0.037,0.066,2025-10-03,0.03,,,False
ADM3_Akkelpur,88,0.033,0.086,2025-07-28,0.054,2025-08-16,2025-08-18,False
ADM3_Alamdanga,65,0.027,0.053,2025-07-16,0.026,,,False
ADM3_Alfadanga,44,0.11,0.197,2025-08-16,0.086,2025-10-15,2025-10-17,False
ADM3_Alikadam,45,0.003,0.006,2025-07-08,0.002,,,False
ADM3_Amtali,44,0.09,0.1,2025-07-11,0.01,,,False
ADM3_Anowara,66,0.065,0.074,2025-08-25,0.009,,,False
ADM3_Araihazar,44,0.112,0.171,2025-08-16,0.059,,,True
ADM3_Ashuganj,67,0.127,0.146,2025-09-23,0.019,,,False
ADM3_Assasuni,43,0.522,0.512,2025-09-11,-0.009,,,False
ADM3_Atgharia,67,0.054,0.067,2025-09-26,0.013,,,False
ADM3_Atpara,43,0.061,0.08,2025-07-23,0.019,,,False
ADM3_Atrai,86,0.018,0.239,2025-08-16,0.221,2025-10-03,2025-10-15,False
ADM3_Atwari,46,0.011,0.021,2025-07-31,0.011,,,False
ADM3_Austagram,86,0.05,0.743,2025-08-25,0.693,2025-12-11,2025-12-23,False
ADM3_Babuganj,42,0.144,0.186,2025-08-28,0.042,2025-10-05,2025-10-05,False
ADM3_Badalgachhi,86,0.027,0.062,2025-07-31,0.036,2025-08-18,2025-08-18,False
ADM3_Badarganj,85,0.059,0.054,2025-07-31,-0.005,,,False
ADM3_Badda,44,0.067,0.126,2025-08-06,0.059,2026-01-31,2026-01-31,False
ADM3_BagatiPara,64,0.046,0.091,2025-08-09,0.045,2025-09-14,2025-09-14,False
ADM3_BagerhatSadar,63,0.241,0.226,2025-07-11,-0.014,,,False
ADM3_Bagha,64,0.19,0.297,2025-09-11,0.108,2026-01-15,2026-01-21,False
ADM3_BaghaiChhari,44,0.007,0.023,2025-09-18,0.017,,,False
ADM3_BagherPara,67,0.037,0.15,2025-07-11,0.113,2025-08-21,2025-09-02,False
ADM3_Baghmara,45,0.041,0.218,2025-08-21,0.178,2026-01-27,,True
ADM3_Bahubal,44,0.024,0.024,2025-09-16,0.0,,,False
ADM3_Bajitpur,64,0.114,0.414,2025-08-25,0.3,2025-11-17,2025-11-17,False
ADM3_Bakalia,67,0.016,0.016,2025-07-30,0.0,,,False
ADM3_Bakerganj,42,0.166,0.264,2025-09-11,0.098,2025-10-05,2025-10-05,False
ADM3_Bakshiganj,44,0.045,0.095,2025-08-16,0.05,2025-09-09,2025-09-09,False
ADM3_Balaganj,44,0.052,0.293,2025-07-06,0.241,2025-11-03,2025-12-11,False
ADM3_BaliaKandi,67,0.053,0.124,2025-08-04,0.071,2025-10-03,2025-10-03,False
ADM3_Baliadangi,45,0.009,0.011,2025-08-09,0.002,,,False
ADM3_Bamna,44,0.25,0.328,2025-09-09,0.078,2025-10-05,2025-10-05,False
ADM3_BanariPara,42,0.205,0.258,2025-10-03,0.053,2025-10-17,2025-10-17,False
ADM3_Banchharampur,67,0.07,0.198,2025-08-13,0.128,2025-10-24,2025-10-24,False
ADM3_Bandar,44,0.113,0.148,2025-08-16,0.036,2025-09-09,2025-09-09,False
ADM3_BandarbanSadar,42,0.003,0.005,2025-07-08,0.002,,,False
ADM3_Bangshal,44,0.0,0.0,2025-07-11,0.0,,,False
ADM3_Baniachong,67,0.029,0.209,2025-08-25,0.181,2025-12-14,2025-12-26,False
ADM3_Banshkhali,66,0.116,0.111,2025-07-11,-0.005,,,False
ADM3_Baraigram,87,0.044,0.085,2025-08-28,0.041,2025-09-11,2025-09-14,False
ADM3_BargunaSadar,44,0.144,0.198,2025-09-21,0.054,2025-09-23,2025-09-23,False
ADM3_Barhatta,43,0.067,0.107,2025-08-04,0.04,2025-08-16,2025-08-16,False
ADM3_BarisalSadarKotwali,42,0.189,0.235,2025-09-11,0.046,2025-10-05,2025-10-05,False
ADM3_Barkal,44,0.081,0.107,2025-08-11,0.026,,,False
ADM3_Barlekha,45,0.081,0.311,2025-07-06,0.231,2025-11-27,2026-01-16,False
ADM3_Barura,66,0.076,0.094,2025-07-11,0.018,,,False
ADM3_Basail,43,0.055,0.113,2025-08-18,0.058,2025-10-15,2025-10-27,False
ADM3_Batiaghata,65,0.151,0.159,2025-07-04,0.008,,,False
ADM3_Bauphal,63,0.159,0.253,2025-09-18,0.094,2025-10-05,2025-10-15,False
ADM3_BayejidBostami,67,0.01,0.012,2025-07-08,0.002,,,False
ADM3_BeaniBazar,45,0.047,0.129,2025-09-16,0.082,2025-09-28,2025-09-28,False
ADM3_Begumganj,44,0.106,0.111,2025-08-04,0.005,,,False
ADM3_Belabo,64,0.101,0.085,2025-08-25,-0.016,,,False
ADM3_BelaiChhari,43,0.009,0.014,2025-08-25,0.005,,,False
ADM3_Belkuchi,43,0.13,0.299,2025-08-16,0.169,2025-10-17,2026-01-19,False
ADM3_Bera,44,0.143,0.298,2025-08-16,0.155,2025-10-15,2025-10-27,False
ADM3_Betagi,44,0.178,0.323,2025-09-21,0.145,2025-10-05,2025-10-05,False
ADM3_Bhairab,67,0.137,0.303,2025-08-25,0.166,2025-11-29,2025-12-11,False
ADM3_Bhaluka,43,0.102,0.104,2025-08-28,0.002,,,False
ADM3_Bhandaria,43,0.268,0.374,2025-09-09,0.106,2025-10-17,,True
ADM3_Bhanga,44,0.06,0.082,2025-08-06,0.021,,,False
ADM3_Bhangura,66,0.027,0.345,2025-08-16,0.318,2025-10-27,2025-10-27,False
ADM3_Bhedarganj,44,0.083,0.139,2025-10-03,0.056,,,True
ADM3_Bheramara,65,0.174,0.224,2025-08-12,0.05,2025-12-10,2025-12-16,False
ADM3_BholaSadar,64,0.212,0.304,2025-09-09,0.092,2025-09-23,2025-09-30,False
ADM3_Bholahat,45,0.043,0.067,2025-07-16,0.024,,,False
ADM3_Bhuapur,43,0.167,0.392,2025-08-16,0.226,2026-01-31,,True
ADM3_Bhurungamari,46,0.173,0.198,2025-08-16,0.025,,,False
ADM3_Bijoynagar,87,0.025,0.242,2025-08-25,0.217,2025-11-15,2025-11-27,False
ADM3_BimanBandar,44,0.011,0.03,2025-10-05,0.02,,,False
ADM3_Biral,45,0.047,0.043,2025-08-21,-0.004,,,False
ADM3_Birampur,69,0.032,0.106,2025-07-31,0.073,2025-08-12,2025-08-12,False
ADM3_Birganj,45,0.037,0.042,2025-08-21,0.005,,,False
ADM3_Bishwambarpur,88,0.07,0.364,2025-08-13,0.294,2025-12-28,2026-01-09,False
ADM3_Bishwanath,44,0.033,0.045,2025-08-11,0.012,,,False
ADM3_Boalia,44,0.009,0.02,2025-07-28,0.011,,,False
ADM3_Boalkhali,43,0.028,0.046,2025-08-01,0.018,,,False
ADM3_Boalmari,44,0.062,0.119,2025-08-06,0.056,2025-09-11,,True
ADM3_Bochaganj,45,0.041,0.051,2025-07-19,0.01,,,False
ADM3_Boda,67,0.034,0.036,2025-07-31,0.002,,,False
ADM3_BograSadar,63,0.053,0.096,2025-07-31,0.043,2025-08-16,2025-08-16,False
ADM3_BrahmanPara,67,0.051,0.078,2025-07-25,0.028,,,False
ADM3_BrahmanbariaSadar,67,0.032,0.148,2025-10-03,0.116,2025-11-17,2025-11-29,False
ADM3_Burhanuddin,66,0.23,0.292,2025-07-11,0.062,2025-07-20,2025-07-20,False
ADM3_Burichang,67,0.048,0.05,2025-07-11,0.002,,,False
ADM3_Cantonment,44,0.022,0.029,2025-07-11,0.007,,,False
ADM3_ChakBazar,44,0.0,0.0,2025-07-11,0.0,,,False
ADM3_Chakaria,45,0.22,0.234,2025-07-08,0.015,,,False
ADM3_Chandanaish,43,0.019,0.023,2025-08-13,0.004,,,False
ADM3_Chandgaon,66,0.032,0.03,2025-07-08,-0.001,,,False
ADM3_Chandina,67,0.07,0.099,2025-07-11,0.028,,,False
ADM3_ChandpurSadar,65,0.151,0.223,2025-07-11,0.072,2025-10-12,2025-10-12,False
ADM3_CharBhadrasan,44,0.152,0.298,2025-08-16,0.146,2025-10-05,2026-01-19,False
ADM3_CharFasson,65,0.208,0.229,2025-08-25,0.021,,,False
ADM3_CharRajibpur,44,0.268,0.414,2025-08-16,0.146,2025-10-17,2026-01-19,False
ADM3_Charghat,44,0.108,0.186,2025-08-21,0.077,,,True
ADM3_Chatkhil,65,0.156,0.213,2025-07-11,0.057,2025-07-20,2025-07-23,False
ADM3_Chatmohar,66,0.033,0.146,2025-08-16,0.113,2025-10-15,2025-10-20,False
ADM3_Chauddagram,45,0.049,0.09,2025-07-08,0.041,2025-08-01,2025-09-06,False
ADM3_Chaugachha,65,0.058,0.124,2025-07-16,0.066,2025-08-18,2025-09-05,False
ADM3_Chauhali,44,0.379,0.667,2025-08-16,0.289,2025-11-22,2025-12-14,False
ADM3_Chhagalnaiya,66,0.036,0.158,2025-07-08,0.123,2025-07-18,2025-07-20,False
ADM3_Chhatak,44,0.044,0.193,2025-08-11,0.15,2025-10-22,2025-12-11,False
ADM3_Chilmari,44,0.408,0.55,2025-09-21,0.142,2025-10-17,2025-11-08,False
ADM3_Chirirbandar,65,0.04,0.067,2025-07-31,0.027,,,False
ADM3_Chitalmari,42,0.122,0.131,2025-07-11,0.009,,,False
ADM3_ChittagongPort,67,0.05,0.062,2025-07-08,0.012,,,False
ADM3_ChuadangaSadar,66,0.033,0.053,2025-07-16,0.02,,,False
ADM3_Chunarughat,65,0.019,0.02,2025-07-18,0.001,,,False
ADM3_ComillaAdarshaSadar,46,0.043,0.054,2025-07-08,0.011,,,False
ADM3_ComillaSadarDakshin,45,0.037,0.049,2025-07-08,0.011,,,False
ADM3_Companiganj_185666,44,0.064,0.329,2025-08-11,0.265,2025-10-10,2025-10-22,False
ADM3_Companiganj_539746,44,0.22,0.238,2025-07-08,0.019,,,False
ADM3_CoxsBazarSadar,68,0.176,0.173,2025-07-06,-0.003,,,False
ADM3_Dacope,65,0.144,0.166,2025-08-21,0.021,,,False
ADM3_Daganbhuiyan,44,0.049,0.125,2025-07-08,0.076,2025-07-20,2025-07-20,False
ADM3_DakshinSunamganj,65,0.059,0.545,2025-07-06,0.486,2025-11-27,2025-12-23,False
ADM3_DakshinSurma,44,0.036,0.063,2025-09-16,0.027,,,False
ADM3_Dakshinkhan,44,0.019,0.027,2025-08-18,0.008,,,False
ADM3_Damudya,42,0.099,0.104,2025-07-11,0.005,,,False
ADM3_Damurhuda,66,0.033,0.064,2025-07-13,0.031,2025-08-18,2025-08-18,False
ADM3_DarusSalam,44,0.045,0.086,2025-10-05,0.041,2026-01-07,2026-01-07,False
ADM3_Dashmina,67,0.131,0.163,2025-08-18,0.032,2025-09-23,2025-09-23,False
ADM3_Daudkandi,67,0.08,0.149,2025-08-13,0.07,2025-09-18,2025-09-18,False
ADM3_Daulatkhan,65,0.19,0.242,2025-09-18,0.051,2025-09-30,2025-09-30,False
ADM3_Daulatpur_050002,65,0.042,0.046,2025-07-11,0.004,,,False
ADM3_Daulatpur_326946,64,0.071,0.16,2025-09-02,0.089,2025-11-01,2026-01-15,False
ADM3_Daulatpur_839920,44,0.219,0.389,2025-08-16,0.17,2025-10-15,2025-11-20,False
ADM3_Debhata,43,0.462,0.433,2025-09-14,-0.028,,,False
ADM3_Debidwar,67,0.069,0.1,2025-08-04,0.031,2025-08-06,2025-08-06,False
ADM3_Debiganj,68,0.047,0.052,2025-08-09,0.005,,,False
ADM3_Delduar,44,0.094,0.111,2025-08-18,0.018,,,False
ADM3_Demra,44,0.045,0.088,2025-09-23,0.043,2025-12-16,,True
ADM3_Derai,86,0.073,0.654,2025-07-30,0.581,2025-12-21,2026-01-07,False
ADM3_Dewanganj,44,0.123,0.196,2025-08-16,0.073,2025-11-08,2025-11-10,False
ADM3_Dhamoirhat,68,0.028,0.092,2025-07-31,0.064,2025-08-28,2025-08-28,False
ADM3_Dhamrai,44,0.077,0.098,2025-08-06,0.021,,,False
ADM3_Dhanbari,43,0.072,0.071,2025-08-28,-0.001,,,False
ADM3_Dhanmondi,44,0.003,0.008,2025-07-11,0.005,,,False
ADM3_Dharampasha,88,0.106,0.724,2025-08-23,0.618,2025-12-21,2026-01-02,False
ADM3_Dhobaura,44,0.056,0.159,2025-08-04,0.103,2025-10-03,2025-10-05,False
ADM3_Dhunat,43,0.088,0.116,2025-08-06,0.028,,,False
ADM3_Dhupchanchia,88,0.038,0.233,2025-07-25,0.196,2025-08-12,2025-08-16,False
ADM3_Dighalia,65,0.129,0.129,2025-08-04,-0.0,,,False
ADM3_Dighinala,44,0.002,0.003,2025-08-23,0.0,,,False
ADM3_Dimla,69,0.112,0.166,2025-08-12,0.054,2025-10-08,2025-10-17,False
ADM3_DinajpurSadar,45,0.028,0.09,2025-08-09,0.062,2025-08-21,2025-09-02,False
ADM3_Dohar,44,0.334,0.408,2025-08-16,0.074,2025-10-05,2025-10-15,False
ADM3_Domar,68,0.041,0.043,2025-08-09,0.002,,,False
ADM3_DoubleMooring,67,0.004,0.006,2025-07-06,0.002,,,False
ADM3_Dowarabazar,44,0.071,0.219,2025-08-11,0.149,2025-10-22,2025-10-24,False
ADM3_Dumki,43,0.264,0.327,2025-08-18,0.062,2025-10-03,2025-10-05,False
ADM3_Dumuria,62,0.151,0.132,2025-07-13,-0.019,,,False
ADM3_Durgapur_169588,44,0.081,0.132,2025-08-04,0.051,2025-09-11,2025-10-05,False
ADM3_Durgapur_796536,44,0.081,0.184,2025-08-21,0.103,2025-09-14,2025-09-14,False
ADM3_Fakirhat,63,0.133,0.114,2025-08-04,-0.019,,,False
ADM3_Faridganj,65,0.189,0.248,2025-07-08,0.06,2025-07-20,2025-07-20,False
ADM3_Faridpur,66,0.016,0.319,2025-08-21,0.302,2025-10-15,2025-10-20,False
ADM3_FaridpurSadar,44,0.09,0.147,2025-08-16,0.057,2025-10-03,2025-10-03,False
ADM3_Fatikchhari,63,0.016,0.022,2025-08-23,0.006,,,False
ADM3_Fenchuganj,44,0.05,0.41,2025-07-06,0.359,2025-11-05,2025-12-21,False
ADM3_FeniSadar,66,0.042,0.112,2025-07-08,0.07,2025-07-20,2025-07-20,False
ADM3_Fulbari,69,0.021,0.093,2025-07-31,0.071,2025-08-16,2025-08-16,False
ADM3_Fulbaria,43,0.096,0.085,2025-08-28,-0.01,,,False
ADM3_Fulchhari,44,0.334,0.549,2025-08-16,0.215,2025-12-02,2026-01-19,False
ADM3_Fulgazi,66,0.028,0.276,2025-07-08,0.248,2025-07-18,2025-07-20,False
ADM3_Gabtali,43,0.051,0.056,2025-08-04,0.005,,,False
ADM3_Gaffargaon,43,0.146,0.127,2025-08-28,-0.019,,,False
ADM3_GaibandhaSadar,44,0.133,0.202,2025-08-28,0.069,2025-10-05,2025-10-05,False
ADM3_Galachipa,64,0.139,0.208,2025-07-08,0.069,2025-07-20,2025-07-20,False
ADM3_Gangachara,64,0.122,0.176,2025-07-31,0.054,2025-09-17,2025-09-23,False
ADM3_Gangni,64,0.018,0.022,2025-08-06,0.005,,,False
ADM3_Gauripur,43,0.105,0.095,2025-08-28,-0.009,,,False
ADM3_Gaurnadi,42,0.069,0.105,2025-08-28,0.037,2025-10-05,2025-10-05,False
ADM3_Gazaria,44,0.246,0.316,2025-08-18,0.07,2025-10-27,2025-10-27,False
ADM3_GazipurSadar,44,0.058,0.136,2025-09-21,0.079,,,True
ADM3_Gendaria,44,0.0,0.0,2025-07-11,0.0,,,False
ADM3_Ghatail,43,0.048,0.056,2025-08-28,0.009,,,False
ADM3_Ghior,44,0.041,0.095,2025-08-16,0.054,2025-10-03,2025-10-03,False
ADM3_Ghoraghat,89,0.04,0.09,2025-07-28,0.05,2025-08-12,2025-08-18,False
ADM3_Goalandaghat,44,0.289,0.414,2025-08-06,0.124,2025-11-22,2026-01-19,False
ADM3_Gobindaganj,66,0.053,0.088,2025-08-16,0.034,2025-08-28,2025-08-28,False
ADM3_Godagari,44,0.069,0.115,2025-08-09,0.046,2025-12-31,2026-01-27,False
ADM3_Golabganj,44,0.053,0.132,2025-07-06,0.079,2025-10-22,2025-10-24,False
ADM3_Gomastapur,45,0.031,0.194,2025-08-21,0.164,2026-01-15,,True
ADM3_GopalganjSadar,44,0.081,0.106,2025-07-11,0.025,,,False
ADM3_Gopalpur,43,0.055,0.067,2025-08-28,0.011,,,False
ADM3_Gosairhat,42,0.127,0.18,2025-10-03,0.053,2025-10-17,2025-10-17,False
ADM3_Gowainghat,44,0.065,0.233,2025-08-11,0.168,2025-09-28,2025-10-10,False
ADM3_Gulshan,44,0.028,0.046,2025-10-29,0.018,,,False
ADM3_Gurudaspur,87,0.052,0.111,2025-08-28,0.059,,,True
ADM3_HabiganjSadar,67,0.028,0.026,2025-09-16,-0.002,,,False
ADM3_HaimChar,63,0.516,0.556,2025-07-11,0.04,2025-07-23,2025-07-23,False
ADM3_Hajiganj,64,0.111,0.147,2025-07-11,0.037,2025-07-20,2025-07-20,False
ADM3_Hakimpur,89,0.019,0.058,2025-07-31,0.039,2025-08-06,2025-08-06,False
ADM3_Halishahar,67,0.096,0.133,2025-08-13,0.037,2025-08-16,2025-08-16,False
ADM3_Haluaghat,44,0.037,0.067,2025-08-06,0.03,2025-09-09,2025-09-09,False
ADM3_Harinakunda,66,0.037,0.113,2025-08-09,0.076,2025-08-24,2025-09-11,False
ADM3_Haripur,45,0.018,0.02,2025-08-09,0.002,,,False
ADM3_Harirampur,44,0.35,0.473,2025-08-16,0.123,2025-11-10,2025-11-20,False
ADM3_Hathazari,65,0.016,0.028,2025-07-08,0.013,,,False
ADM3_Hatibandha,46,0.129,0.16,2025-08-04,0.032,2025-09-05,2025-09-05,False
ADM3_Hatiya,45,0.285,0.321,2025-08-25,0.036,2025-10-03,2025-10-03,False
ADM3_Hazaribagh,44,0.004,0.009,2025-07-11,0.005,,,False
ADM3_Hizla,42,0.281,0.413,2025-09-11,0.133,2025-10-05,2025-10-05,False
ADM3_Homna,67,0.039,0.107,2025-08-13,0.068,2025-09-18,2025-10-12,False
ADM3_Hossainpur,43,0.111,0.128,2025-08-28,0.017,,,False
ADM3_Ishwardi,86,0.101,0.17,2025-08-16,0.07,,,True
ADM3_Ishwarganj,43,0.136,0.124,2025-08-28,-0.012,,,False
ADM3_Islampur,44,0.157,0.293,2025-09-21,0.136,2026-01-19,2026-01-31,False
ADM3_Itna,85,0.065,0.791,2025-08-23,0.726,2025-11-27,2025-12-09,False
ADM3_Jagannathpur,44,0.051,0.275,2025-07-06,0.224,2025-12-09,2026-01-16,False
ADM3_Jaintiapur,45,0.056,0.176,2025-08-11,0.12,2025-10-22,2025-12-21,False
ADM3_Jaldhaka,68,0.072,0.075,2025-08-16,0.003,,,False
ADM3_Jamalganj,88,0.103,0.739,2025-07-06,0.636,2025-12-28,2026-01-14,False
ADM3_JamalpurSadar,43,0.073,0.074,2025-08-28,0.001,,,False
ADM3_Jatrabari,44,0.029,0.046,2025-08-30,0.016,,,False
ADM3_JhalokatiSadar,42,0.182,0.234,2025-10-03,0.052,2025-10-05,2025-10-05,False
ADM3_JhenaidahSadar,44,0.045,0.198,2025-08-06,0.153,2025-08-30,2025-09-02,False
ADM3_Jhenaigati,44,0.027,0.058,2025-08-04,0.031,2025-10-03,2025-10-03,False
ADM3_Jhikargachha,44,0.042,0.104,2025-07-16,0.062,2025-08-30,2025-08-30,False
ADM3_JibanNagar,66,0.038,0.053,2025-09-05,0.015,,,False
ADM3_JoypurhatSadar,86,0.03,0.063,2025-07-28,0.033,2025-09-05,2025-09-05,False
ADM3_JuraiChhari,42,0.01,0.021,2025-08-01,0.011,,,False
ADM3_Juri,45,0.057,0.283,2025-07-06,0.227,2025-11-27,2025-12-09,False
ADM3_Kabirhat,44,0.098,0.149,2025-07-08,0.051,2025-07-20,2025-07-20,False
ADM3_Kachua_342001,42,0.19,0.177,2025-09-11,-0.013,,,False
ADM3_Kachua_371605,66,0.086,0.119,2025-08-06,0.033,2025-08-30,2025-08-30,False
ADM3_Kadamtali,44,0.103,0.123,2025-09-23,0.02,,,False
ADM3_Kafrul,44,0.012,0.019,2025-09-21,0.006,,,False
ADM3_Kahaloo,88,0.042,0.148,2025-08-04,0.106,2025-08-16,2025-08-28,False
ADM3_Kaharole,45,0.045,0.039,2025-08-21,-0.006,,,False
ADM3_KalaPara,44,0.111,0.112,2025-07-11,0.001,,,False
ADM3_Kalabagan,44,0.0,0.0,2025-07-11,0.0,,,False
ADM3_Kalai,88,0.026,0.301,2025-07-25,0.275,2025-08-12,2025-08-12,False
ADM3_Kalaroa,44,0.043,0.08,2025-07-28,0.038,2025-09-11,2025-10-17,False
ADM3_Kalia,65,0.087,0.137,2025-08-04,0.049,2025-10-05,2025-10-08,False
ADM3_Kaliakair,44,0.098,0.134,2025-09-21,0.036,2025-10-17,2025-10-17,False
ADM3_Kaliganj_086039,44,0.101,0.131,2025-09-09,0.03,,,False
ADM3_Kaliganj_098735,67,0.107,0.137,2025-08-16,0.03,,,False
ADM3_Kaliganj_663470,43,0.39,0.389,2025-09-14,-0.002,,,False
ADM3_Kaliganj_882675,44,0.045,0.176,2025-07-28,0.13,2025-08-21,2025-09-02,False
ADM3_Kalihati,43,0.096,0.131,2025-08-16,0.034,2025-10-15,2025-10-17,False
ADM3_Kalkini,42,0.08,0.119,2025-08-16,0.039,2025-10-05,2025-10-05,False
ADM3_Kalmakanda,44,0.055,0.242,2025-08-04,0.187,2025-12-04,2026-01-21,False
ADM3_Kalukhali,67,0.057,0.213,2025-08-09,0.156,2025-10-05,2025-10-17,False
ADM3_Kamalganj,44,0.025,0.021,2025-07-18,-0.004,,,False
ADM3_Kamalnagar,63,0.297,0.383,2025-07-08,0.086,2025-07-20,2025-07-20,False
ADM3_Kamarkhanda,43,0.069,0.092,2025-08-18,0.023,,,False
ADM3_KamrangirChar,44,0.0,0.009,2025-07-11,0.009,,,False
ADM3_Kanaighat,45,0.075,0.269,2025-08-11,0.195,2025-10-10,2025-10-24,False
ADM3_Kanthalia,43,0.186,0.332,2025-08-30,0.146,2025-10-05,2025-10-17,False
ADM3_Kapasia,44,0.123,0.109,2025-09-09,-0.014,,,False
ADM3_Kaptai,43,0.021,0.025,2025-08-01,0.005,,,False
ADM3_Karimganj,65,0.055,0.271,2025-09-09,0.216,2025-11-17,2025-11-22,False
ADM3_Kasba,66,0.045,0.061,2025-08-30,0.017,,,False
ADM3_Kashiani,44,0.054,0.087,2025-08-16,0.033,2025-09-11,,True
ADM3_Katiadi,43,0.087,0.106,2025-08-30,0.019,,,False
ADM3_Kaunia,66,0.191,0.201,2025-08-04,0.011,,,False
ADM3_Kawkhali,42,0.302,0.394,2025-08-28,0.092,2025-10-17,2025-10-17,False
ADM3_KawkhaliBetbunia,43,0.001,0.001,2025-07-08,0.0,,,False
ADM3_Kazipur,43,0.181,0.399,2025-08-16,0.217,2026-01-19,2026-01-31,False
ADM3_Kendua,43,0.054,0.052,2025-08-16,-0.002,,,False
ADM3_Keraniganj,44,0.07,0.102,2025-08-16,0.031,2025-08-30,2025-10-15,False
ADM3_Keshabpur,44,0.082,0.144,2025-09-02,0.062,,,True
ADM3_KhagrachhariSadar,44,0.004,0.004,2025-08-23,0.0,,,False
ADM3_Khaliajuri,87,0.083,0.822,2025-08-18,0.738,2025-12-11,2025-12-21,False
ADM3_Khalishpur,65,0.065,0.072,2025-07-11,0.007,,,False
ADM3_KhanJahanAli,65,0.056,0.057,2025-07-13,0.001,,,False
ADM3_Khansama,68,0.04,0.048,2025-08-04,0.009,,,False
ADM3_Khetlal,88,0.026,0.209,2025-07-25,0.183,2025-08-06,2025-08-16,False
ADM3_Khilgaon,44,0.016,0.121,2025-08-28,0.105,2025-12-26,2025-12-26,False
ADM3_Khilkhet,44,0.058,0.066,2025-08-18,0.008,,,False
ADM3_Khoksa,67,0.047,0.092,2025-08-16,0.045,2025-09-14,2025-10-15,False
ADM3_KhulnaSadar,65,0.098,0.101,2025-10-29,0.003,,,False
ADM3_Khulshi,65,0.003,0.007,2025-08-16,0.003,,,False
ADM3_Kishoreganj,68,0.06,0.052,2025-08-21,-0.008,,,False
ADM3_KishoreganjSadar,43,0.126,0.117,2025-08-28,-0.008,,,False
ADM3_KotaliPara,42,0.178,0.189,2025-08-28,0.011,,,False
ADM3_Kotchandpur,66,0.071,0.13,2025-07-16,0.059,2025-08-18,2025-08-18,False
ADM3_Kotwali_226647,66,0.002,0.003,2025-07-06,0.002,,,False
ADM3_Kotwali_291187,44,0.048,0.12,2025-07-13,0.072,2025-08-30,2025-08-30,False
ADM3_Kotwali_832933,44,0.0,0.0,2025-07-11,0.0,,,False
ADM3_Koyra,43,0.146,0.169,2025-07-13,0.023,,,False
ADM3_Kulaura,44,0.029,0.107,2025-07-18,0.079,2025-10-24,2025-11-03,False
ADM3_KuliarChar,66,0.112,0.112,2025-09-18,0.0,,,False
ADM3_Kumarkhali,67,0.089,0.149,2025-08-09,0.06,2026-01-31,2026-01-31,False
ADM3_KurigramSadar,45,0.267,0.344,2025-08-16,0.077,2025-10-05,2025-10-15,False
ADM3_KushtiaSadar,64,0.07,0.099,2025-08-09,0.03,,,False
ADM3_Kutubdia,68,0.482,0.473,2025-07-18,-0.009,,,False
ADM3_Lakhai,87,0.038,0.296,2025-10-05,0.258,2025-11-29,2025-12-11,False
ADM3_Laksam,45,0.052,0.075,2025-07-08,0.023,,,False
ADM3_Lakshmichhari,43,0.0,0.001,2025-08-01,0.0,,,False
ADM3_LakshmipurSadar,65,0.196,0.237,2025-07-11,0.041,2025-07-20,2025-07-20,False
ADM3_Lalbagh,44,0.0,0.007,2025-07-13,0.007,,,False
ADM3_Lalmohan,67,0.163,0.202,2025-08-28,0.039,2025-09-23,2025-10-03,False
ADM3_LalmonirhatSadar,67,0.162,0.199,2025-07-31,0.037,2025-09-09,2025-09-09,False
ADM3_Lalpur,65,0.098,0.149,2025-08-24,0.051,2025-10-23,,True
ADM3_Lama,44,0.005,0.007,2025-08-25,0.002,,,False
ADM3_Langadu,44,0.187,0.241,2025-08-11,0.054,2026-01-28,2026-01-28,False
ADM3_Lohagara_691580,67,0.088,0.132,2025-08-09,0.044,2025-10-03,2025-10-03,False
ADM3_Lohagara_836566,44,0.02,0.019,2025-08-11,-0.001,,,False
ADM3_Lohajang,44,0.403,0.463,2025-09-23,0.06,2025-11-22,2025-11-22,False
ADM3_Madan,65,0.027,0.484,2025-09-21,0.457,2025-12-02,2025-12-23,False
ADM3_Madarganj,43,0.038,0.055,2025-08-28,0.017,,,False
ADM3_MadaripurSadar,44,0.059,0.1,2025-08-16,0.041,2025-09-23,2025-09-23,False
ADM3_Madhabpur,67,0.021,0.023,2025-08-28,0.002,,,False
ADM3_Madhukhali,67,0.072,0.145,2025-08-06,0.073,2025-09-26,2025-10-17,False
ADM3_Madhupur,43,0.055,0.082,2025-09-09,0.027,,,False
ADM3_MaguraSadar,67,0.055,0.229,2025-08-06,0.174,2025-09-09,2025-09-11,False
ADM3_Mahadebpur,45,0.038,0.052,2025-07-28,0.014,,,False
ADM3_Mahalchhari,44,0.011,0.066,2025-08-13,0.055,,,True
ADM3_Maheshkhali,68,0.345,0.363,2025-10-03,0.018,,,False
ADM3_Maheshpur,66,0.061,0.143,2025-07-16,0.082,2025-08-18,2025-08-24,False
ADM3_Manda,45,0.039,0.155,2025-07-16,0.116,2026-01-27,,True
ADM3_Manikchhari,45,0.015,0.015,2025-08-13,-0.0,,,False
ADM3_ManikganjSadar,44,0.058,0.088,2025-08-18,0.03,2025-10-03,,True
ADM3_Manirampur,44,0.107,0.171,2025-07-28,0.064,2025-10-05,2025-10-17,False
ADM3_Manohardi,44,0.129,0.12,2025-08-28,-0.009,,,False
ADM3_Manoharganj,44,0.045,0.094,2025-07-08,0.049,2025-08-25,2025-08-25,False
ADM3_Manpura,46,0.336,0.41,2025-08-25,0.075,2025-09-18,2025-09-21,False
ADM3_Mathbaria,44,0.173,0.314,2025-09-21,0.141,2025-10-05,2025-10-05,False
ADM3_Matihar,44,0.034,0.075,2025-07-16,0.041,,,True
ADM3_Matiranga,45,0.015,0.018,2025-08-13,0.004,,,False
ADM3_MatlabDakshin,66,0.081,0.174,2025-08-16,0.093,2025-08-30,2025-09-09,False
ADM3_MatlabUttar,44,0.226,0.247,2025-08-04,0.021,,,False
ADM3_MaulviBazarSadar,44,0.042,0.068,2025-07-20,0.026,,,False
ADM3_Meghna,44,0.148,0.247,2025-08-04,0.099,2025-11-10,,True
ADM3_Mehendiganj,42,0.284,0.383,2025-10-03,0.098,,,True
ADM3_MeherpurSadar,44,0.032,0.041,2025-07-07,0.009,,,False
ADM3_Melandaha,43,0.059,0.07,2025-08-16,0.012,,,False
ADM3_Mirpur_169518,44,0.001,0.002,2025-09-09,0.001,,,False
ADM3_Mirpur_956594,65,0.059,0.083,2025-08-24,0.024,,,False
ADM3_Mirsharai,66,0.057,0.071,2025-08-25,0.014,,,False
ADM3_Mirzaganj,44,0.179,0.304,2025-09-21,0.125,2025-10-05,2025-10-15,False
ADM3_Mirzapur,44,0.076,0.106,2025-08-06,0.03,,,False
ADM3_MithaPukur,66,0.073,0.078,2025-08-04,0.005,,,False
ADM3_Mithamain,85,0.057,0.72,2025-08-13,0.663,2025-11-15,2025-11-27,False
ADM3_Mohammadpur_517929,44,0.021,0.037,2025-08-30,0.016,,,False
ADM3_Mohammadpur_792291,67,0.073,0.104,2025-08-04,0.031,2025-09-21,2025-09-21,False
ADM3_Mohanganj,85,0.044,0.444,2025-08-23,0.4,2025-12-21,2025-12-23,False
ADM3_Mohanpur,45,0.033,0.165,2025-08-21,0.132,2026-01-27,,True
ADM3_Mollahat,42,0.186,0.184,2025-07-11,-0.002,,,False
ADM3_Mongla,66,0.148,0.149,2025-09-09,0.002,,,False
ADM3_Morrelganj,43,0.275,0.325,2025-07-11,0.05,2025-07-25,2025-07-25,False
ADM3_Motijheel,44,0.0,0.004,2025-08-16,0.004,,,False
ADM3_MujibNagar,45,0.036,0.07,2025-08-09,0.034,,,True
ADM3_Muksudpur,44,0.057,0.109,2025-08-06,0.052,2025-10-17,2025-10-27,False
ADM3_Muktagachha,43,0.087,0.084,2025-08-28,-0.003,,,False
ADM3_Muladi,42,0.167,0.221,2025-07-13,0.053,2025-10-15,2025-10-17,False
ADM3_MunshiganjSadar,44,0.092,0.12,2025-08-04,0.028,,,False
ADM3_Muradnagar,67,0.042,0.086,2025-07-25,0.044,2025-08-30,2026-01-31,False
ADM3_MymensinghSadar,43,0.097,0.096,2025-08-28,-0.001,,,False
ADM3_Nabiganj,44,0.027,0.035,2025-08-11,0.008,,,False
ADM3_Nabinagar,67,0.058,0.149,2025-08-28,0.091,2025-11-17,2025-11-29,False
ADM3_Nachole,45,0.014,0.043,2025-07-16,0.029,,,False
ADM3_Nagarkanda,44,0.04,0.1,2025-07-25,0.06,2025-10-17,2025-10-17,False
ADM3_Nagarpur,44,0.08,0.17,2025-08-16,0.09,2025-10-03,2025-10-03,False
ADM3_Nageshwari,45,0.199,0.228,2025-08-16,0.029,,,False
ADM3_Naikhongchhari,44,0.002,0.003,2025-08-25,0.0,,,False
ADM3_Nakla,43,0.058,0.096,2025-08-16,0.038,2025-08-30,2025-09-09,False
ADM3_Nalchity,42,0.168,0.197,2025-09-11,0.03,,,False
ADM3_Nalitabari,44,0.024,0.069,2025-08-04,0.045,2025-10-05,2025-10-05,False
ADM3_Nandail,43,0.109,0.096,2025-08-28,-0.013,,,False
ADM3_Nandigram,86,0.031,0.342,2025-08-04,0.311,2025-08-24,2025-08-24,False
ADM3_Nangalkot,44,0.046,0.076,2025-07-08,0.03,,,False
ADM3_Naniarchar,43,0.084,0.128,2025-08-25,0.044,,,True
ADM3_NaogaonSadar,86,0.033,0.082,2025-08-04,0.049,2025-10-15,2025-10-15,False
ADM3_NarailSadar,67,0.046,0.108,2025-07-11,0.062,2025-07-25,2025-09-14,False
ADM3_NarayanganjSadar,44,0.086,0.098,2025-07-25,0.012,,,False
ADM3_Naria,44,0.157,0.205,2025-08-16,0.048,2025-08-30,2025-10-15,False
ADM3_NarsingdiSadar,44,0.115,0.189,2025-08-18,0.074,,,True
ADM3_Nasirnagar,84,0.059,0.36,2025-08-25,0.301,2025-11-27,2025-12-11,False
ADM3_NatoreSadar,87,0.039,0.261,2025-08-12,0.222,2026-01-03,2026-01-15,False
ADM3_NawabganjSadar,45,0.143,0.293,2025-09-14,0.15,2025-12-31,2026-01-15,False
ADM3_Nawabganj_222310,44,0.067,0.111,2025-08-16,0.044,2025-08-30,2025-08-30,False
ADM3_Nawabganj_718336,89,0.038,0.088,2025-07-31,0.05,2025-08-12,2025-08-12,False
ADM3_Nazirpur,42,0.162,0.152,2025-08-28,-0.01,,,False
ADM3_NesarabadSwarupkati,42,0.253,0.325,2025-09-09,0.072,2025-10-17,2025-10-17,False
ADM3_NetrokonaSadar,43,0.071,0.079,2025-08-16,0.009,,,False
ADM3_NewMarket,44,0.0,0.009,2025-09-23,0.009,,,False
ADM3_Niamatpur,45,0.009,0.042,2025-07-07,0.033,2026-01-27,2026-01-27,False
ADM3_Nikli,66,0.08,0.741,2025-08-25,0.661,2025-11-17,2025-12-04,False
ADM3_NilphamariSadar,68,0.047,0.043,2025-08-04,-0.004,,,False
ADM3_NoakhaliSadarSudharam,44,0.1,0.144,2025-07-08,0.043,2025-07-20,2025-07-20,False
ADM3_Paba,44,0.227,0.362,2025-08-21,0.136,2026-01-27,2026-01-27,False
ADM3_PabnaSadar,67,0.089,0.145,2025-08-09,0.055,2025-12-19,2026-01-24,False
ADM3_Pahartali,67,0.056,0.062,2025-08-13,0.006,,,False
ADM3_Paikgachha,43,0.529,0.546,2025-07-13,0.017,,,False
ADM3_Pakundia,43,0.123,0.134,2025-08-28,0.011,,,False
ADM3_Palash,44,0.156,0.146,2025-09-09,-0.01,,,False
ADM3_Palashbari,66,0.074,0.107,2025-08-06,0.033,2025-08-28,2025-08-28,False
ADM3_Pallabi,44,0.028,0.032,2025-08-18,0.004,,,False
ADM3_Paltan,44,0.0,0.0,2025-07-11,0.0,,,False
ADM3_PanchagarhSadar,68,0.036,0.03,2025-07-31,-0.006,,,False
ADM3_Panchbibi,89,0.026,0.071,2025-07-28,0.045,2025-08-24,2025-09-05,False
ADM3_Panchhari,44,0.002,0.002,2025-08-11,-0.0,,,False
ADM3_Panchlaish,67,0.0,0.002,2025-10-22,0.002,,,False
ADM3_Pangsha,67,0.083,0.213,2025-08-06,0.13,2025-10-05,2025-10-27,False
ADM3_Parbatipur,68,0.032,0.038,2025-08-09,0.005,,,False
ADM3_Parshuram,65,0.038,0.2,2025-07-08,0.162,2025-07-18,2025-07-18,False
ADM3_Patenga,67,0.099,0.11,2025-07-11,0.011,,,False
ADM3_Patgram,68,0.03,0.039,2025-08-09,0.009,,,False
ADM3_Patharghata,44,0.118,0.227,2025-08-18,0.109,2025-09-23,2025-09-23,False
ADM3_Patiya,43,0.022,0.035,2025-08-01,0.013,,,False
ADM3_Patnitala,45,0.029,0.086,2025-07-19,0.057,2025-08-09,2025-08-09,False
ADM3_PatuakhaliSadar,44,0.152,0.205,2025-08-28,0.053,2025-09-23,2025-09-23,False
ADM3_Pekua,68,0.37,0.368,2025-07-06,-0.003,,,False
ADM3_Phulbari,63,0.185,0.187,2025-08-16,0.002,,,False
ADM3_Phulpur,43,0.075,0.079,2025-08-16,0.004,,,False
ADM3_Phultala,65,0.079,0.085,2025-07-13,0.006,,,False
ADM3_Pirgachha,66,0.13,0.148,2025-08-16,0.018,,,False
ADM3_Pirganj_117283,66,0.05,0.078,2025-08-06,0.028,,,False
ADM3_Pirganj_912558,45,0.019,0.037,2025-07-19,0.018,,,False
ADM3_PirojpurSadar,42,0.253,0.298,2025-09-11,0.045,2025-10-05,2025-10-05,False
ADM3_Porsha,45,0.015,0.134,2025-08-21,0.119,2025-10-20,2025-11-16,False
ADM3_Purbadhala,43,0.071,0.075,2025-08-16,0.004,,,False
ADM3_Puthia,62,0.08,0.166,2025-10-20,0.085,2025-10-23,2025-10-23,False
ADM3_Rajapur,42,0.192,0.339,2025-09-11,0.147,2025-10-17,2025-10-17,False
ADM3_Rajarhat,63,0.178,0.2,2025-08-16,0.022,,,False
ADM3_Rajasthali,43,0.006,0.006,2025-08-13,-0.0,,,False
ADM3_RajbariSadar,44,0.155,0.196,2025-08-04,0.041,2025-10-27,2025-10-29,False
ADM3_Rajnagar,44,0.03,0.161,2025-07-06,0.131,2025-12-23,2026-01-02,False
ADM3_Rajoir,44,0.055,0.074,2025-07-11,0.019,,,False
ADM3_Rajpara,44,0.106,0.147,2025-08-21,0.042,2026-01-27,2026-01-27,False
ADM3_Ramganj,65,0.153,0.189,2025-07-08,0.036,2025-07-20,2025-07-20,False
ADM3_Ramgarh,45,0.004,0.005,2025-08-25,0.0,,,False
ADM3_Ramgati,63,0.421,0.488,2025-07-08,0.067,2025-07-20,2025-07-20,False
ADM3_Ramna,44,0.025,0.039,2025-07-11,0.015,,,False
ADM3_Rampal,64,0.475,0.504,2025-07-11,0.03,,,False
ADM3_Rampura,44,0.025,0.042,2025-07-11,0.016,,,False
ADM3_Ramu,45,0.031,0.042,2025-07-06,0.011,,,False
ADM3_RangamatiSadar,43,0.205,0.228,2025-08-13,0.024,,,False
ADM3_RangpurSadar,65,0.074,0.076,2025-08-16,0.002,,,False
ADM3_Rangunia,44,0.033,0.038,2025-08-01,0.005,,,False
ADM3_Raninagar,86,0.018,0.378,2025-08-04,0.36,2025-09-02,2025-09-09,False
ADM3_Ranisankail,45,0.015,0.026,2025-07-19,0.01,,,False
ADM3_Raozan,44,0.02,0.036,2025-08-01,0.015,,,False
ADM3_Raumari,44,0.088,0.138,2025-08-30,0.05,2025-10-05,2025-10-17,False
ADM3_Rowangchhari,42,0.002,0.003,2025-07-08,0.001,,,False
ADM3_Royganj,43,0.074,0.084,2025-08-06,0.01,,,False
ADM3_Roypur,65,0.21,0.279,2025-08-28,0.069,2025-09-09,2025-09-09,False
ADM3_Roypura,64,0.14,0.234,2025-08-25,0.093,2025-10-24,2025-11-17,False
ADM3_Ruma,42,0.001,0.001,2025-08-01,0.0,,,False
ADM3_Rupganj,44,0.089,0.111,2025-07-25,0.021,,,False
ADM3_Rupsa,65,0.173,0.16,2025-09-14,-0.013,,,False
ADM3_Sabujbagh,44,0.01,0.02,2025-08-06,0.01,,,False
ADM3_Sadarpur,44,0.175,0.285,2025-08-16,0.11,2025-10-17,2026-01-09,False
ADM3_Sadullapur,65,0.106,0.115,2025-08-04,0.009,,,False
ADM3_Saghatta,44,0.165,0.254,2025-08-16,0.089,2025-11-08,2025-11-20,False
ADM3_Saidpur,68,0.06,0.052,2025-08-21,-0.009,,,False
ADM3_Sakhipur,43,0.061,0.085,2025-08-28,0.024,,,False
ADM3_Saltha,44,0.047,0.174,2025-08-04,0.126,2025-10-15,2025-10-17,False
ADM3_Sandwip,65,0.269,0.28,2025-08-13,0.011,,,False
ADM3_Santhia,44,0.036,0.06,2025-08-28,0.025,,,False
ADM3_Sapahar,45,0.026,0.102,2025-08-21,0.075,2026-01-15,,True
ADM3_Sarail,67,0.08,0.408,2025-08-25,0.329,2025-11-17,2025-11-29,False
ADM3_Sarankhola,66,0.098,0.134,2025-08-28,0.036,2025-09-14,2025-09-14,False
ADM3_Sariakandi,43,0.308,0.495,2025-08-16,0.186,2026-01-19,2026-01-31,False
ADM3_Sarishabari,43,0.069,0.11,2025-08-28,0.041,2025-10-05,2025-10-15,False
ADM3_Satkania,44,0.038,0.041,2025-08-01,0.002,,,False
ADM3_SatkhiraSadar,44,0.11,0.141,2025-07-28,0.031,2025-10-08,2025-10-08,False
ADM3_Saturia,44,0.067,0.115,2025-08-18,0.048,2025-09-21,2025-09-21,False
ADM3_Savar,44,0.051,0.15,2025-09-23,0.099,2026-01-19,,True
ADM3_Senbagh,44,0.056,0.121,2025-07-08,0.065,2025-08-13,2025-08-13,False
ADM3_Serajdikhan,44,0.068,0.118,2025-08-16,0.051,2025-10-03,2025-10-05,False
ADM3_ShahAli,44,0.05,0.083,2025-08-18,0.033,,,True
ADM3_ShahMakhdum,44,0.011,0.041,2025-07-16,0.03,2025-09-05,,True
ADM3_Shahbagh,44,0.004,0.007,2025-10-29,0.004,,,False
ADM3_Shahjadpur,44,0.103,0.423,2025-08-16,0.32,2025-10-27,2025-11-20,False
ADM3_Shahrasti,67,0.079,0.152,2025-07-11,0.073,2025-08-06,2025-08-18,False
ADM3_Shailkupa,67,0.05,0.085,2025-08-09,0.034,2025-09-21,2025-09-21,False
ADM3_Shajahanpur,59,0.036,0.096,2025-07-28,0.06,2025-08-16,2025-08-28,False
ADM3_Shalikha,67,0.031,0.335,2025-08-06,0.304,2025-09-09,2025-09-11,False
ADM3_ShariatpurSadar,44,0.048,0.089,2025-08-16,0.04,2025-08-28,2025-08-28,False
ADM3_Sharsha,66,0.04,0.18,2025-07-31,0.141,2025-09-11,2025-09-17,False
ADM3_SherebanglaNagar,44,0.008,0.015,2025-09-11,0.007,,,False
ADM3_Sherpur,43,0.043,0.162,2025-07-25,0.119,2025-08-06,2025-08-18,False
ADM3_SherpurSadar,43,0.078,0.079,2025-08-16,0.001,,,False
ADM3_ShibChar,44,0.269,0.342,2025-08-18,0.072,2025-09-23,2025-09-23,False
ADM3_Shibalaya,44,0.243,0.352,2025-08-16,0.108,2025-11-22,2026-01-31,False
ADM3_Shibganj_340057,88,0.045,0.193,2025-07-25,0.147,2025-08-04,2025-08-06,False
ADM3_Shibganj_581700,45,0.104,0.221,2025-09-14,0.117,,,True
ADM3_Shibpur,44,0.124,0.135,2025-09-09,0.01,,,False
ADM3_Shyamnagar,43,0.204,0.211,2025-07-13,0.007,,,False
ADM3_Shyampur,44,0.003,0.016,2025-09-21,0.013,,,False
ADM3_Singair,44,0.067,0.08,2025-08-18,0.013,,,False
ADM3_Singra,86,0.028,0.288,2025-08-04,0.261,2025-09-26,2025-10-11,False
ADM3_SirajganjSadar,43,0.204,0.301,2025-08-16,0.098,2026-01-19,2026-01-19,False
ADM3_Sitakunda,64,0.059,0.076,2025-07-11,0.016,,,False
ADM3_Sonadanga,65,0.009,0.01,2025-09-09,0.001,,,False
ADM3_Sonagazi,66,0.134,0.146,2025-08-25,0.012,,,False
ADM3_Sonaimuri,44,0.068,0.119,2025-07-08,0.051,2025-08-13,2025-08-16,False
ADM3_Sonargaon,44,0.13,0.189,2025-08-16,0.059,2025-10-27,,True
ADM3_Sonatola,43,0.066,0.108,2025-08-16,0.042,2025-10-15,2025-10-15,False
ADM3_Sreebardi,44,0.046,0.069,2025-08-04,0.023,,,False
ADM3_Sreemangal,44,0.028,0.078,2025-07-08,0.05,2025-09-06,2025-10-12,False
ADM3_Sreenagar,44,0.079,0.122,2025-08-16,0.043,2025-10-15,2025-10-15,False
ADM3_Sreepur_021808,67,0.04,0.105,2025-08-06,0.065,2025-09-09,2025-09-26,False
ADM3_Sreepur_171075,43,0.076,0.091,2025-09-09,0.015,,,False
ADM3_Subarnachar,44,0.213,0.263,2025-07-08,0.05,2025-07-20,2025-07-20,False
ADM3_Sujanagar,66,0.108,0.22,2025-08-16,0.111,2025-11-20,,True
ADM3_Sulla,87,0.078,0.782,2025-08-23,0.704,2025-12-11,2025-12-23,False
ADM3_SunamganjSadar,65,0.079,0.367,2025-07-06,0.289,2025-12-09,2026-01-14,False
ADM3_Sundarganj,44,0.176,0.234,2025-08-28,0.058,2025-10-05,2025-10-05,False
ADM3_Sutrapur,44,0.0,0.003,2025-07-11,0.003,,,False
ADM3_SylhetSadar,44,0.036,0.127,2025-08-11,0.09,2025-10-10,2025-10-22,False
ADM3_Tahirpur,89,0.172,0.698,2025-08-01,0.526,2025-12-23,2026-01-04,False
ADM3_Tala,44,0.121,0.139,2025-09-26,0.018,,,False
ADM3_TangailSadar,43,0.148,0.217,2025-08-16,0.069,2025-10-03,2025-10-05,False
ADM3_Tanore,45,0.013,0.082,2025-08-09,0.069,2026-01-27,,True
ADM3_Taraganj,68,0.087,0.075,2025-08-21,-0.011,,,False
ADM3_Tarail,65,0.019,0.172,2025-09-21,0.153,2025-10-29,2025-11-17,False
ADM3_Tarash,66,0.031,0.213,2025-08-16,0.182,2025-10-08,2025-11-20,False
ADM3_Tazumuddin,64,0.33,0.389,2025-08-25,0.058,2025-09-30,2025-09-30,False
ADM3_Tejgaon,44,0.0,0.0,2025-07-11,0.0,,,False
ADM3_TejgaonIndArea,44,0.037,0.052,2025-09-11,0.015,,,False
ADM3_Teknaf,43,0.176,0.176,2025-07-06,-0.001,,,False
ADM3_Tentulia,46,0.024,0.023,2025-08-21,-0.001,,,False
ADM3_Terokhada,63,0.08,0.234,2025-07-13,0.154,2025-08-30,2025-08-30,False
ADM3_ThakurgaonSadar,45,0.016,0.023,2025-08-09,0.007,,,False
ADM3_Thanchi,67,0.001,0.001,2025-10-22,0.0,,,False
ADM3_Titas,67,0.052,0.136,2025-08-13,0.084,2025-08-28,2025-09-18,False
ADM3_Tongibari,44,0.091,0.145,2025-08-16,0.054,,,True
ADM3_Trishal,43,0.148,0.133,2025-08-28,-0.015,,,False
ADM3_TungiPara,42,0.094,0.145,2025-09-23,0.052,,,True
ADM3_Turag,44,0.097,0.196,2025-10-03,0.099,,,True
ADM3_Ukhia,68,0.061,0.074,2025-08-13,0.013,,,False
ADM3_Ulipur,44,0.311,0.386,2025-08-16,0.075,2025-10-05,2025-10-15,False
ADM3_UllahPara,43,0.041,0.26,2025-08-16,0.219,2025-10-03,2025-10-17,False
ADM3_UttarKhan,44,0.023,0.134,2025-09-23,0.111,2025-11-20,,True
ADM3_Uttara,44,0.005,0.011,2025-08-30,0.006,,,False
ADM3_Wazirpur,42,0.146,0.212,2025-10-03,0.066,,,True
ADM3_Zakiganj,45,0.105,0.166,2025-07-06,0.062,2025-07-20,2025-07-20,False
ADM3_Zanjira,44,0.279,0.41,2025-08-16,0.131,2026-01-19,,True
ADM3_Zianagar,43,0.289,0.394,2025-09-11,0.105,2025-10-05,2025-10-17,False
