srdi_district,srdi_upazila,total_ha,uncultivated_ha,cultivated_ha,saline_ha,s1,s2,s3,s4,s5,district,site_id,saline_share,s1_share,s2_share,s3_share,s4_share,s5_share,strong_share,source
Khulna,Fultala,7438.0,2291.0,5147.0,3230.0,1700.0,1130.0,320.0,80.0,0.0,Khulna,ADM3_Phultala,0.628,0.33,0.22,0.062,0.016,0.0,0.078,"SRDI (2010) Saline Soils of Bangladesh, Appendix 2 (survey of May 2009)"
Khulna,Dighalia,6872.0,2365.0,4507.0,2720.0,1460.0,950.0,250.0,60.0,0.0,Khulna,ADM3_Dighalia,0.604,0.324,0.211,0.055,0.013,0.0,0.069,"SRDI (2010) Saline Soils of Bangladesh, Appendix 2 (survey of May 2009)"
Khulna,Metro,7013.0,4679.0,2334.0,1980.0,890.0,690.0,300.0,100.0,0.0,Khulna,,0.848,0.381,0.296,0.129,0.043,0.0,0.171,"SRDI (2010) Saline Soils of Bangladesh, Appendix 2 (survey of May 2009)"
Khulna,Terokhada,18769.0,2625.0,16144.0,12180.0,5810.0,4260.0,1610.0,500.0,0.0,Khulna,ADM3_Terokhada,0.754,0.36,0.264,0.1,0.031,0.0,0.131,"SRDI (2010) Saline Soils of Bangladesh, Appendix 2 (survey of May 2009)"
Khulna,Rupsha,12025.0,3199.0,8826.0,6770.0,2410.0,2540.0,1140.0,540.0,140.0,Khulna,ADM3_Rupsa,0.767,0.273,0.288,0.129,0.061,0.016,0.206,"SRDI (2010) Saline Soils of Bangladesh, Appendix 2 (survey of May 2009)"
Khulna,Dumuria,44797.0,9919.0,34878.0,30610.0,6530.0,7010.0,7110.0,5850.0,4110.0,Khulna,ADM3_Dumuria,0.878,0.187,0.201,0.204,0.168,0.118,0.489,"SRDI (2010) Saline Soils of Bangladesh, Appendix 2 (survey of May 2009)"
Khulna,Batiaghata,23622.0,6282.0,17340.0,16380.0,2830.0,5460.0,4340.0,2700.0,1050.0,Khulna,ADM3_Batiaghata,0.945,0.163,0.315,0.25,0.156,0.061,0.467,"SRDI (2010) Saline Soils of Bangladesh, Appendix 2 (survey of May 2009)"
Khulna,Dacope,28557.0,5800.0,22757.0,22760.0,0.0,1140.0,4550.0,7970.0,9100.0,Khulna,ADM3_Dacope,1.0,0.0,0.05,0.2,0.35,0.4,0.95,"SRDI (2010) Saline Soils of Bangladesh, Appendix 2 (survey of May 2009)"
Khulna,Paikgacha,38404.0,5961.0,32443.0,29920.0,2230.0,3030.0,6930.0,8920.0,8810.0,Khulna,ADM3_Paikgachha,0.922,0.069,0.093,0.214,0.275,0.272,0.76,"SRDI (2010) Saline Soils of Bangladesh, Appendix 2 (survey of May 2009)"
Khulna,Koyra,26323.0,4910.0,21413.0,21410.0,240.0,1310.0,5250.0,7250.0,7360.0,Khulna,ADM3_Koyra,1.0,0.011,0.061,0.245,0.339,0.344,0.927,"SRDI (2010) Saline Soils of Bangladesh, Appendix 2 (survey of May 2009)"
Bagerhat,Mollahat,17687.0,3666.0,14021.0,9460.0,4780.0,3310.0,1070.0,300.0,0.0,Bagerhat,ADM3_Mollahat,0.675,0.341,0.236,0.076,0.021,0.0,0.098,"SRDI (2010) Saline Soils of Bangladesh, Appendix 2 (survey of May 2009)"
Bagerhat,Fakirhat,15883.0,5145.0,10738.0,9530.0,3220.0,2840.0,2030.0,1080.0,360.0,Bagerhat,ADM3_Fakirhat,0.888,0.3,0.264,0.189,0.101,0.034,0.323,"SRDI (2010) Saline Soils of Bangladesh, Appendix 2 (survey of May 2009)"
Bagerhat,Chitalmari,19039.0,4450.0,14589.0,10200.0,5060.0,3570.0,1220.0,350.0,0.0,Bagerhat,ADM3_Chitalmari,0.699,0.347,0.245,0.084,0.024,0.0,0.108,"SRDI (2010) Saline Soils of Bangladesh, Appendix 2 (survey of May 2009)"
Bagerhat,B. Sadar,26950.0,8254.0,18696.0,16890.0,4780.0,6450.0,3440.0,1750.0,470.0,Bagerhat,ADM3_BagerhatSadar,0.903,0.256,0.345,0.184,0.094,0.025,0.303,"SRDI (2010) Saline Soils of Bangladesh, Appendix 2 (survey of May 2009)"
Bagerhat,Kachua,12351.0,3650.0,8701.0,7520.0,3060.0,2720.0,1220.0,470.0,50.0,Bagerhat,ADM3_Kachua_342001,0.864,0.352,0.313,0.14,0.054,0.006,0.2,"SRDI (2010) Saline Soils of Bangladesh, Appendix 2 (survey of May 2009)"
Bagerhat,Rampal,32088.0,7087.0,25001.0,24210.0,2680.0,6040.0,7020.0,5370.0,3100.0,Bagerhat,ADM3_Rampal,0.968,0.107,0.242,0.281,0.215,0.124,0.62,"SRDI (2010) Saline Soils of Bangladesh, Appendix 2 (survey of May 2009)"
Bagerhat,Mongla,18242.0,3659.0,14583.0,14330.0,1080.0,1660.0,4380.0,4130.0,3080.0,Bagerhat,ADM3_Mongla,0.983,0.074,0.114,0.3,0.283,0.211,0.795,"SRDI (2010) Saline Soils of Bangladesh, Appendix 2 (survey of May 2009)"
Bagerhat,Morrellganj,43962.0,9916.0,34046.0,29630.0,5360.0,10670.0,7320.0,4530.0,1750.0,Bagerhat,ADM3_Morrelganj,0.87,0.157,0.313,0.215,0.133,0.051,0.399,"SRDI (2010) Saline Soils of Bangladesh, Appendix 2 (survey of May 2009)"
Bagerhat,Sharankhola,15129.0,4760.0,10369.0,9350.0,1310.0,4130.0,2190.0,1290.0,430.0,Bagerhat,ADM3_Sarankhola,0.902,0.126,0.398,0.211,0.124,0.041,0.377,"SRDI (2010) Saline Soils of Bangladesh, Appendix 2 (survey of May 2009)"
Satkhira,Kalaroa,23153.0,5732.0,13111.0,6550.0,3930.0,2290.0,330.0,0.0,0.0,Satkhira,ADM3_Kalaroa,0.5,0.3,0.175,0.025,0.0,0.0,0.025,"SRDI (2010) Saline Soils of Bangladesh, Appendix 2 (survey of May 2009)"
Satkhira,S. Sadar,36609.0,7290.0,29319.0,18530.0,8930.0,6340.0,2210.0,830.0,220.0,Satkhira,ADM3_SatkhiraSadar,0.632,0.305,0.216,0.075,0.028,0.008,0.111,"SRDI (2010) Saline Soils of Bangladesh, Appendix 2 (survey of May 2009)"
Satkhira,Tala,33713.0,4943.0,28770.0,18450.0,9440.0,6360.0,2000.0,590.0,60.0,Satkhira,ADM3_Tala,0.641,0.328,0.221,0.07,0.021,0.002,0.092,"SRDI (2010) Saline Soils of Bangladesh, Appendix 2 (survey of May 2009)"
Satkhira,Debhata,17107.0,2346.0,14761.0,13450.0,2420.0,2950.0,3200.0,2800.0,2080.0,Satkhira,ADM3_Debhata,0.911,0.164,0.2,0.217,0.19,0.141,0.547,"SRDI (2010) Saline Soils of Bangladesh, Appendix 2 (survey of May 2009)"
Satkhira,Ashashuni,40982.0,6526.0,34456.0,33390.0,1980.0,3430.0,9770.0,10040.0,8170.0,Satkhira,ADM3_Assasuni,0.969,0.057,0.1,0.284,0.291,0.237,0.812,"SRDI (2010) Saline Soils of Bangladesh, Appendix 2 (survey of May 2009)"
Satkhira,Kaliganj,32434.0,5681.0,26753.0,25830.0,2680.0,7960.0,5760.0,5300.0,4130.0,Satkhira,ADM3_Kaliganj_663470,0.965,0.1,0.298,0.215,0.198,0.154,0.568,"SRDI (2010) Saline Soils of Bangladesh, Appendix 2 (survey of May 2009)"
Satkhira,Shyamnagar,45609.0,8463.0,37146.0,36910.0,620.0,2630.0,7380.0,12360.0,13920.0,Satkhira,ADM3_Shyamnagar,0.994,0.017,0.071,0.199,0.333,0.375,0.906,"SRDI (2010) Saline Soils of Bangladesh, Appendix 2 (survey of May 2009)"
Jessore,Abhoynagar,24719.0,6958.0,17136.0,4930.0,3450.0,1170.0,310.0,0.0,0.0,Jessore,ADM3_Abhaynagar,0.288,0.201,0.068,0.018,0.0,0.0,0.018,"SRDI (2010) Saline Soils of Bangladesh, Appendix 2 (survey of May 2009)"
Jessore,Monirampur,44499.0,11473.0,15025.0,4160.0,2700.0,1180.0,260.0,20.0,0.0,Jessore,ADM3_Manirampur,0.277,0.18,0.079,0.017,0.001,0.0,0.019,"SRDI (2010) Saline Soils of Bangladesh, Appendix 2 (survey of May 2009)"
Jessore,Keshabpur,25853.0,6445.0,19408.0,5480.0,3580.0,1520.0,350.0,30.0,0.0,Jessore,ADM3_Keshabpur,0.282,0.184,0.078,0.018,0.002,0.0,0.02,"SRDI (2010) Saline Soils of Bangladesh, Appendix 2 (survey of May 2009)"
Jessore,Sharsha,33634.0,5328.0,630.0,160.0,110.0,40.0,10.0,0.0,0.0,Jessore,ADM3_Sharsha,0.254,0.175,0.063,0.016,0.0,0.0,0.016,"SRDI (2010) Saline Soils of Bangladesh, Appendix 2 (survey of May 2009)"
Jessore,Jhikargacha,30760.0,5729.0,1050.0,260.0,180.0,70.0,10.0,0.0,0.0,Jessore,ADM3_Jhikargachha,0.248,0.171,0.067,0.01,0.0,0.0,0.01,"SRDI (2010) Saline Soils of Bangladesh, Appendix 2 (survey of May 2009)"
Narail,Narail Sadar,37226.0,9121.0,24197.0,6220.0,4350.0,1540.0,330.0,0.0,0.0,Narail,ADM3_NarailSadar,0.257,0.18,0.064,0.014,0.0,0.0,0.014,"SRDI (2010) Saline Soils of Bangladesh, Appendix 2 (survey of May 2009)"
Narail,Lohagara,28789.0,5335.0,2100.0,660.0,460.0,150.0,50.0,0.0,0.0,Narail,ADM3_Lohagara_691580,0.314,0.219,0.071,0.024,0.0,0.0,0.024,"SRDI (2010) Saline Soils of Bangladesh, Appendix 2 (survey of May 2009)"
Narail,Kalia,31042.0,5570.0,25472.0,10830.0,7580.0,2260.0,990.0,0.0,0.0,Narail,ADM3_Kalia,0.425,0.298,0.089,0.039,0.0,0.0,0.039,"SRDI (2010) Saline Soils of Bangladesh, Appendix 2 (survey of May 2009)"
Barisal,Agailjhara,15780.0,7093.0,8687.0,1050.0,840.0,210.0,0.0,0.0,0.0,Barisal,ADM3_Agailjhara,0.121,0.097,0.024,0.0,0.0,0.0,0.0,"SRDI (2010) Saline Soils of Bangladesh, Appendix 2 (survey of May 2009)"
Barisal,Babuganj,15247.0,11047.0,4200.0,1470.0,1030.0,370.0,70.0,0.0,0.0,Barisal,ADM3_Babuganj,0.35,0.245,0.088,0.017,0.0,0.0,0.017,"SRDI (2010) Saline Soils of Bangladesh, Appendix 2 (survey of May 2009)"
Barisal,Banaripara,12977.0,2719.0,10258.0,820.0,660.0,160.0,0.0,0.0,0.0,Barisal,ADM3_BanariPara,0.08,0.064,0.016,0.0,0.0,0.0,0.0,"SRDI (2010) Saline Soils of Bangladesh, Appendix 2 (survey of May 2009)"
Barisal,Bakerganj,40496.0,21526.0,18970.0,3850.0,3080.0,770.0,0.0,0.0,0.0,Barisal,ADM3_Bakerganj,0.203,0.162,0.041,0.0,0.0,0.0,0.0,"SRDI (2010) Saline Soils of Bangladesh, Appendix 2 (survey of May 2009)"
Barisal,Gournadi,14417.0,7542.0,6875.0,2410.0,1930.0,480.0,0.0,0.0,0.0,Barisal,ADM3_Gaurnadi,0.351,0.281,0.07,0.0,0.0,0.0,0.0,"SRDI (2010) Saline Soils of Bangladesh, Appendix 2 (survey of May 2009)"
Barisal,Wazirpur,24841.0,4900.0,19941.0,2000.0,1600.0,400.0,0.0,0.0,0.0,Barisal,ADM3_Wazirpur,0.1,0.08,0.02,0.0,0.0,0.0,0.0,"SRDI (2010) Saline Soils of Bangladesh, Appendix 2 (survey of May 2009)"
Barisal,Mehindigang,41615.0,40340.0,1275.0,450.0,360.0,90.0,0.0,0.0,0.0,Barisal,ADM3_Mehendiganj,0.353,0.282,0.071,0.0,0.0,0.0,0.0,"SRDI (2010) Saline Soils of Bangladesh, Appendix 2 (survey of May 2009)"
Barisal,Sadar,30335.0,29460.0,875.0,310.0,250.0,60.0,0.0,0.0,0.0,Barisal,ADM3_BarisalSadarKotwali,0.354,0.286,0.069,0.0,0.0,0.0,0.0,"SRDI (2010) Saline Soils of Bangladesh, Appendix 2 (survey of May 2009)"
Jhalakathi,Rajapur,16433.0,12058.0,4375.0,500.0,400.0,100.0,0.0,0.0,0.0,Jhalokati,ADM3_Rajapur,0.114,0.091,0.023,0.0,0.0,0.0,0.0,"SRDI (2010) Saline Soils of Bangladesh, Appendix 2 (survey of May 2009)"
Jhalakathi,Kathalia,15747.0,3568.0,12179.0,2190.0,1750.0,440.0,0.0,0.0,0.0,Jhalokati,ADM3_Kanthalia,0.18,0.144,0.036,0.0,0.0,0.0,0.0,"SRDI (2010) Saline Soils of Bangladesh, Appendix 2 (survey of May 2009)"
Jhalakathi,Nalchiti,20443.0,19518.0,925.0,310.0,250.0,60.0,0.0,0.0,0.0,Jhalokati,ADM3_Nalchity,0.335,0.27,0.065,0.0,0.0,0.0,0.0,"SRDI (2010) Saline Soils of Bangladesh, Appendix 2 (survey of May 2009)"
Jhalakathi,Sadar,22304.0,14837.0,7467.0,1620.0,1300.0,320.0,0.0,0.0,0.0,Jhalokati,ADM3_JhalokatiSadar,0.217,0.174,0.043,0.0,0.0,0.0,0.0,"SRDI (2010) Saline Soils of Bangladesh, Appendix 2 (survey of May 2009)"
Pirojpur,Bhandaria,15443.0,6000.0,9443.0,3220.0,2210.0,830.0,180.0,0.0,0.0,Pirojpur,ADM3_Bhandaria,0.341,0.234,0.088,0.019,0.0,0.0,0.019,"SRDI (2010) Saline Soils of Bangladesh, Appendix 2 (survey of May 2009)"
Pirojpur,Kaukhali,7956.0,4978.0,2978.0,250.0,200.0,50.0,0.0,0.0,0.0,Pirojpur,ADM3_Kawkhali,0.084,0.067,0.017,0.0,0.0,0.0,0.0,"SRDI (2010) Saline Soils of Bangladesh, Appendix 2 (survey of May 2009)"
Pirojpur,Mathbaria,35324.0,11515.0,23809.0,19050.0,11430.0,5710.0,1910.0,0.0,0.0,Pirojpur,ADM3_Mathbaria,0.8,0.48,0.24,0.08,0.0,0.0,0.08,"SRDI (2010) Saline Soils of Bangladesh, Appendix 2 (survey of May 2009)"
Pirojpur,Nazirpur,22897.0,5886.0,17011.0,6800.0,4620.0,1770.0,410.0,0.0,0.0,Pirojpur,ADM3_Nazirpur,0.4,0.272,0.104,0.024,0.0,0.0,0.024,"SRDI (2010) Saline Soils of Bangladesh, Appendix 2 (survey of May 2009)"
Pirojpur,Nesarabad,18343.0,6013.0,12330.0,1240.0,990.0,250.0,0.0,0.0,0.0,Pirojpur,ADM3_NesarabadSwarupkati,0.101,0.08,0.02,0.0,0.0,0.0,0.0,"SRDI (2010) Saline Soils of Bangladesh, Appendix 2 (survey of May 2009)"
Pirojpur,Zianagar,10358.0,3737.0,6621.0,2650.0,1620.0,780.0,250.0,0.0,0.0,Pirojpur,,0.4,0.245,0.118,0.038,0.0,0.0,0.038,"SRDI (2010) Saline Soils of Bangladesh, Appendix 2 (survey of May 2009)"
Pirojpur,Sadar,17487.0,4397.0,13090.0,2620.0,2040.0,550.0,30.0,0.0,0.0,Pirojpur,ADM3_PirojpurSadar,0.2,0.156,0.042,0.002,0.0,0.0,0.002,"SRDI (2010) Saline Soils of Bangladesh, Appendix 2 (survey of May 2009)"
Bhola,Borhanuddin,27713.0,5594.0,22119.0,17950.0,9890.0,6570.0,1490.0,0.0,0.0,Bhola,ADM3_Burhanuddin,0.812,0.447,0.297,0.067,0.0,0.0,0.067,"SRDI (2010) Saline Soils of Bangladesh, Appendix 2 (survey of May 2009)"
Bhola,Charfeshion,92595.0,47446.0,45149.0,36130.0,12810.0,8920.0,5640.0,6950.0,1810.0,Bhola,ADM3_CharFasson,0.8,0.284,0.198,0.125,0.154,0.04,0.319,"SRDI (2010) Saline Soils of Bangladesh, Appendix 2 (survey of May 2009)"
Bhola,Daulatkhan,29056.0,20406.0,8650.0,6080.0,4110.0,1400.0,190.0,190.0,190.0,Bhola,ADM3_Daulatkhan,0.703,0.475,0.162,0.022,0.022,0.022,0.066,"SRDI (2010) Saline Soils of Bangladesh, Appendix 2 (survey of May 2009)"
Bhola,Lalmohan,37773.0,15678.0,22095.0,13260.0,9220.0,3230.0,350.0,270.0,190.0,Bhola,ADM3_Lalmohan,0.6,0.417,0.146,0.016,0.012,0.009,0.037,"SRDI (2010) Saline Soils of Bangladesh, Appendix 2 (survey of May 2009)"
Bhola,Manpura,45020.0,29609.0,15411.0,15410.0,2710.0,6970.0,2680.0,2280.0,770.0,Bhola,ADM3_Manpura,1.0,0.176,0.452,0.174,0.148,0.05,0.372,"SRDI (2010) Saline Soils of Bangladesh, Appendix 2 (survey of May 2009)"
Bhola,Tajumuddin,34828.0,24332.0,10496.0,2110.0,1080.0,720.0,190.0,80.0,40.0,Bhola,ADM3_Tazumuddin,0.201,0.103,0.069,0.018,0.008,0.004,0.03,"SRDI (2010) Saline Soils of Bangladesh, Appendix 2 (survey of May 2009)"
Bhola,B. Sadar,41314.0,17125.0,24189.0,3630.0,2290.0,1030.0,310.0,0.0,0.0,Bhola,ADM3_BholaSadar,0.15,0.095,0.043,0.013,0.0,0.0,0.013,"SRDI (2010) Saline Soils of Bangladesh, Appendix 2 (survey of May 2009)"
Patuakhali,Dumki,9513.0,2941.0,6572.0,3950.0,2760.0,990.0,200.0,0.0,0.0,Patuakhali,ADM3_Dumki,0.601,0.42,0.151,0.03,0.0,0.0,0.03,"SRDI (2010) Saline Soils of Bangladesh, Appendix 2 (survey of May 2009)"
Patuakhali,Bauphal,48185.0,12960.0,35225.0,21530.0,14810.0,5510.0,1210.0,0.0,0.0,Patuakhali,ADM3_Bauphal,0.611,0.42,0.156,0.034,0.0,0.0,0.034,"SRDI (2010) Saline Soils of Bangladesh, Appendix 2 (survey of May 2009)"
Patuakhali,Dashmina,30287.0,13202.0,17085.0,11780.0,6930.0,3310.0,1150.0,310.0,80.0,Patuakhali,ADM3_Dashmina,0.689,0.406,0.194,0.067,0.018,0.005,0.09,"SRDI (2010) Saline Soils of Bangladesh, Appendix 2 (survey of May 2009)"
Patuakhali,Galachipa,119130.0,58948.0,71589.0,53390.0,10400.0,9860.0,9170.0,12340.0,11620.0,Patuakhali,ADM3_Galachipa,0.746,0.145,0.138,0.128,0.172,0.162,0.463,"SRDI (2010) Saline Soils of Bangladesh, Appendix 2 (survey of May 2009)"
Patuakhali,Kalapara,47194.0,11795.0,45204.0,34730.0,4770.0,10680.0,7240.0,7970.0,4070.0,Patuakhali,ADM3_KalaPara,0.768,0.106,0.236,0.16,0.176,0.09,0.427,"SRDI (2010) Saline Soils of Bangladesh, Appendix 2 (survey of May 2009)"
Patuakhali,Mirjaganj,17552.0,5159.0,12393.0,8220.0,5240.0,2310.0,670.0,0.0,0.0,Patuakhali,ADM3_Mirzaganj,0.663,0.423,0.186,0.054,0.0,0.0,0.054,"SRDI (2010) Saline Soils of Bangladesh, Appendix 2 (survey of May 2009)"
Patuakhali,P. Sadar,36014.0,8322.0,27692.0,21580.0,11820.0,7040.0,2720.0,0.0,0.0,Patuakhali,ADM3_PatuakhaliSadar,0.779,0.427,0.254,0.098,0.0,0.0,0.098,"SRDI (2010) Saline Soils of Bangladesh, Appendix 2 (survey of May 2009)"
Barguna,Amtali,69478.0,24966.0,60246.0,41880.0,10040.0,12520.0,8230.0,7790.0,3300.0,Barguna,ADM3_Amtali,0.695,0.167,0.208,0.137,0.129,0.055,0.321,"SRDI (2010) Saline Soils of Bangladesh, Appendix 2 (survey of May 2009)"
Barguna,Bamna,10105.0,2633.0,7472.0,4520.0,3140.0,1140.0,240.0,0.0,0.0,Barguna,ADM3_Bamna,0.605,0.42,0.153,0.032,0.0,0.0,0.032,"SRDI (2010) Saline Soils of Bangladesh, Appendix 2 (survey of May 2009)"
Barguna,Betagi,16771.0,5284.0,11487.0,6390.0,4430.0,1620.0,340.0,0.0,0.0,Barguna,ADM3_Betagi,0.556,0.386,0.141,0.03,0.0,0.0,0.03,"SRDI (2010) Saline Soils of Bangladesh, Appendix 2 (survey of May 2009)"
Barguna,Patharghara,32500.0,12158.0,23095.0,18710.0,5560.0,6740.0,3330.0,1930.0,1150.0,Barguna,ADM3_Patharghata,0.81,0.241,0.292,0.144,0.084,0.05,0.278,"SRDI (2010) Saline Soils of Bangladesh, Appendix 2 (survey of May 2009)"
Barguna,B. Sadar,38833.0,12509.0,33034.0,24120.0,7940.0,8580.0,4330.0,2410.0,860.0,Barguna,ADM3_BargunaSadar,0.73,0.24,0.26,0.131,0.073,0.026,0.23,"SRDI (2010) Saline Soils of Bangladesh, Appendix 2 (survey of May 2009)"
Gopalgonj,Tungipara,12724.0,1788.0,7468.0,2550.0,1530.0,890.0,130.0,0.0,0.0,Gopalganj,ADM3_TungiPara,0.341,0.205,0.119,0.017,0.0,0.0,0.017,"SRDI (2010) Saline Soils of Bangladesh, Appendix 2 (survey of May 2009)"
Gopalgonj,Kotalipara,36206.0,3524.0,22341.0,3510.0,2100.0,1230.0,180.0,0.0,0.0,Gopalganj,ADM3_KotaliPara,0.157,0.094,0.055,0.008,0.0,0.0,0.008,"SRDI (2010) Saline Soils of Bangladesh, Appendix 2 (survey of May 2009)"
Gopalgonj,G. Sadar,38142.0,5246.0,21745.0,4400.0,2640.0,1540.0,220.0,0.0,0.0,Gopalganj,ADM3_GopalganjSadar,0.202,0.121,0.071,0.01,0.0,0.0,0.01,"SRDI (2010) Saline Soils of Bangladesh, Appendix 2 (survey of May 2009)"
Madaripur,Rajoir,22928.0,2855.0,12037.0,1200.0,720.0,420.0,60.0,0.0,0.0,Madaripur,ADM3_Rajoir,0.1,0.06,0.035,0.005,0.0,0.0,0.005,"SRDI (2010) Saline Soils of Bangladesh, Appendix 2 (survey of May 2009)"
Laxmipur,Raipur,18650.0,7935.0,6429.0,640.0,580.0,60.0,0.0,0.0,0.0,Lakshmipur,ADM3_Roypur,0.1,0.09,0.009,0.0,0.0,0.0,0.0,"SRDI (2010) Saline Soils of Bangladesh, Appendix 2 (survey of May 2009)"
Laxmipur,L. Sadar,45664.0,12813.0,19711.0,3450.0,2380.0,660.0,310.0,100.0,0.0,Lakshmipur,ADM3_LakshmipurSadar,0.175,0.121,0.033,0.016,0.005,0.0,0.021,"SRDI (2010) Saline Soils of Bangladesh, Appendix 2 (survey of May 2009)"
Laxmipur,Kamalnagar,19600.0,5737.0,13863.0,4950.0,2450.0,1080.0,990.0,370.0,60.0,Lakshmipur,ADM3_Kamalnagar,0.357,0.177,0.078,0.071,0.027,0.004,0.102,"SRDI (2010) Saline Soils of Bangladesh, Appendix 2 (survey of May 2009)"
Laxmipur,Ramgati,28758.0,8417.0,20341.0,8390.0,3350.0,2430.0,1770.0,750.0,90.0,Lakshmipur,ADM3_Ramgati,0.412,0.165,0.119,0.087,0.037,0.004,0.128,"SRDI (2010) Saline Soils of Bangladesh, Appendix 2 (survey of May 2009)"
Noakhali,Shudharam,33267.0,9231.0,20430.0,5460.0,2580.0,1870.0,740.0,270.0,0.0,Noakhali,ADM3_NoakhaliSadarSudharam,0.267,0.126,0.092,0.036,0.013,0.0,0.049,"SRDI (2010) Saline Soils of Bangladesh, Appendix 2 (survey of May 2009)"
Noakhali,Kabirhat,16107.0,4469.0,9892.0,2790.0,1370.0,860.0,400.0,160.0,0.0,Noakhali,ADM3_Kabirhat,0.282,0.138,0.087,0.04,0.016,0.0,0.057,"SRDI (2010) Saline Soils of Bangladesh, Appendix 2 (survey of May 2009)"
Noakhali,Subarnachar,45421.0,12605.0,32816.0,13030.0,4490.0,5470.0,2190.0,880.0,0.0,Noakhali,ADM3_Subarnachar,0.397,0.137,0.167,0.067,0.027,0.0,0.094,"SRDI (2010) Saline Soils of Bangladesh, Appendix 2 (survey of May 2009)"
Noakhali,Companiganj,40125.0,12549.0,27576.0,11950.0,3550.0,3830.0,2970.0,1390.0,210.0,Noakhali,ADM3_Companiganj_539746,0.433,0.129,0.139,0.108,0.05,0.008,0.166,"SRDI (2010) Saline Soils of Bangladesh, Appendix 2 (survey of May 2009)"
Noakhali,Hatiya,87655.0,51229.0,36426.0,19290.0,3370.0,1300.0,8980.0,4230.0,1410.0,Noakhali,ADM3_Hatiya,0.53,0.093,0.036,0.247,0.116,0.039,0.401,"SRDI (2010) Saline Soils of Bangladesh, Appendix 2 (survey of May 2009)"
Feni,Sonagazi,23508.0,6291.0,15495.0,4560.0,1610.0,1860.0,730.0,360.0,0.0,Feni,ADM3_Sonagazi,0.294,0.104,0.12,0.047,0.023,0.0,0.07,"SRDI (2010) Saline Soils of Bangladesh, Appendix 2 (survey of May 2009)"
Feni,Daganbhuiya,16583.0,3872.0,1906.0,190.0,170.0,20.0,0.0,0.0,0.0,Feni,ADM3_Daganbhuiyan,0.1,0.089,0.01,0.0,0.0,0.0,0.0,"SRDI (2010) Saline Soils of Bangladesh, Appendix 2 (survey of May 2009)"
Chittagong,Mirsharai,48288.0,1618.0,14557.0,6560.0,3410.0,2290.0,680.0,180.0,0.0,Chittagong,ADM3_Mirsharai,0.451,0.234,0.157,0.047,0.012,0.0,0.059,"SRDI (2010) Saline Soils of Bangladesh, Appendix 2 (survey of May 2009)"
Chittagong,Sitakundu,48398.0,125.0,1131.0,920.0,410.0,320.0,140.0,50.0,0.0,Chittagong,ADM3_Sitakunda,0.813,0.363,0.283,0.124,0.044,0.0,0.168,"SRDI (2010) Saline Soils of Bangladesh, Appendix 2 (survey of May 2009)"
Chittagong,C. Sadar,2699.0,108.0,971.0,750.0,340.0,260.0,110.0,40.0,0.0,Chittagong,,0.772,0.35,0.268,0.113,0.041,0.0,0.154,"SRDI (2010) Saline Soils of Bangladesh, Appendix 2 (survey of May 2009)"
Chittagong,Anwara,17353.0,866.0,7797.0,6320.0,2600.0,2320.0,1050.0,350.0,0.0,Chittagong,ADM3_Anowara,0.811,0.333,0.298,0.135,0.045,0.0,0.18,"SRDI (2010) Saline Soils of Bangladesh, Appendix 2 (survey of May 2009)"
Chittagong,Bashkhali,37690.0,1600.0,14398.0,11730.0,4600.0,4400.0,2050.0,680.0,0.0,Chittagong,ADM3_Banshkhali,0.815,0.319,0.306,0.142,0.047,0.0,0.19,"SRDI (2010) Saline Soils of Bangladesh, Appendix 2 (survey of May 2009)"
Chittagong,Patia,31647.0,1265.0,11382.0,3420.0,2050.0,1200.0,170.0,0.0,0.0,Chittagong,ADM3_Patiya,0.3,0.18,0.105,0.015,0.0,0.0,0.015,"SRDI (2010) Saline Soils of Bangladesh, Appendix 2 (survey of May 2009)"
Chittagong,Sandip,76242.0,2790.0,25115.0,21780.0,4970.0,4940.0,4340.0,5920.0,1610.0,Chittagong,ADM3_Sandwip,0.867,0.198,0.197,0.173,0.236,0.064,0.473,"SRDI (2010) Saline Soils of Bangladesh, Appendix 2 (survey of May 2009)"
Cox's bazar,Chakaria,46483.0,1574.0,14168.0,13190.0,570.0,2750.0,3230.0,4650.0,1990.0,Cox's Bazar,ADM3_Chakaria,0.931,0.04,0.194,0.228,0.328,0.14,0.697,"SRDI (2010) Saline Soils of Bangladesh, Appendix 2 (survey of May 2009)"
Cox's bazar,Pekua,13968.0,1033.0,9293.0,8180.0,1330.0,3880.0,2230.0,740.0,0.0,Cox's Bazar,ADM3_Pekua,0.88,0.143,0.418,0.24,0.08,0.0,0.32,"SRDI (2010) Saline Soils of Bangladesh, Appendix 2 (survey of May 2009)"
Cox's bazar,C. Sadar,19904.0,739.0,6651.0,6320.0,0.0,630.0,1580.0,3160.0,950.0,Cox's Bazar,ADM3_CoxsBazarSadar,0.95,0.0,0.095,0.238,0.475,0.143,0.856,"SRDI (2010) Saline Soils of Bangladesh, Appendix 2 (survey of May 2009)"
Cox's bazar,Ramu,38587.0,196.0,1762.0,1680.0,0.0,170.0,420.0,840.0,250.0,Cox's Bazar,ADM3_Ramu,0.953,0.0,0.096,0.238,0.477,0.142,0.857,"SRDI (2010) Saline Soils of Bangladesh, Appendix 2 (survey of May 2009)"
Cox's bazar,Ukhiya,25259.0,171.0,1542.0,1470.0,0.0,150.0,370.0,730.0,220.0,Cox's Bazar,ADM3_Ukhia,0.953,0.0,0.097,0.24,0.473,0.143,0.856,"SRDI (2010) Saline Soils of Bangladesh, Appendix 2 (survey of May 2009)"
Cox's bazar,Tecknaf,38868.0,748.0,6728.0,6490.0,0.0,650.0,1540.0,2990.0,1310.0,Cox's Bazar,ADM3_Teknaf,0.965,0.0,0.097,0.229,0.444,0.195,0.868,"SRDI (2010) Saline Soils of Bangladesh, Appendix 2 (survey of May 2009)"
Cox's bazar,Kutubdia,21580.0,660.0,5942.0,5350.0,540.0,2670.0,1600.0,540.0,0.0,Cox's Bazar,ADM3_Kutubdia,0.9,0.091,0.449,0.269,0.091,0.0,0.36,"SRDI (2010) Saline Soils of Bangladesh, Appendix 2 (survey of May 2009)"
Cox's bazar,Moheshkhali,36218.0,1504.0,13539.0,12670.0,370.0,2730.0,3350.0,4870.0,1350.0,Cox's Bazar,ADM3_Maheshkhali,0.936,0.027,0.202,0.247,0.36,0.1,0.707,"SRDI (2010) Saline Soils of Bangladesh, Appendix 2 (survey of May 2009)"
