site_id,cycles_2001_05,cycles_2021_25,winter_peak_2001_05,winter_peak_2021_25,winter_crop_share_2021_25,good_composites
ADM3_Abhaynagar,1.6,1.8,0.69,0.73,1.0,427
ADM3_Adabor,0.0,0.0,0.24,0.18,0.0,366
ADM3_Adamdighi,2.0,2.6,0.66,0.67,1.0,444
ADM3_Aditmari,1.2,2.0,0.48,0.66,1.0,456
ADM3_Agailjhara,2.0,2.0,0.74,0.75,1.0,432
ADM3_Ajmiriganj,2.2,2.0,0.49,0.76,1.0,458
ADM3_Akhaura,2.0,2.0,0.73,0.65,1.0,446
ADM3_Akkelpur,2.2,2.6,0.59,0.58,0.6,434
ADM3_Alamdanga,1.4,1.6,0.51,0.63,1.0,441
ADM3_Alfadanga,1.4,1.6,0.58,0.66,1.0,441
ADM3_Alikadam,1.2,1.0,0.79,0.79,1.0,509
ADM3_Amtali,1.6,1.2,0.53,0.46,0.0,407
ADM3_Anowara,2.6,2.4,0.75,0.73,1.0,449
ADM3_Araihazar,1.6,1.6,0.66,0.65,1.0,465
ADM3_Ashuganj,2.2,2.2,0.53,0.61,1.0,446
ADM3_Atgharia,2.0,2.0,0.63,0.7,1.0,440
ADM3_Atpara,2.2,2.4,0.67,0.73,1.0,464
ADM3_Atrai,2.2,2.0,0.59,0.73,1.0,481
ADM3_Atwari,2.2,1.8,0.57,0.75,1.0,470
ADM3_Austagram,1.2,1.6,0.66,0.78,1.0,346
ADM3_Babuganj,1.6,1.4,0.54,0.52,0.6,407
ADM3_Badalgachhi,2.4,2.0,0.57,0.57,0.6,454
ADM3_Badarganj,1.2,1.8,0.47,0.57,0.8,434
ADM3_Badda,1.6,1.4,0.77,0.37,0.0,396
ADM3_BagatiPara,1.2,1.2,0.51,0.73,1.0,437
ADM3_BagerhatSadar,1.6,1.2,0.67,0.68,1.0,431
ADM3_Bagha,1.2,1.2,0.54,0.62,1.0,451
ADM3_BaghaiChhari,1.2,1.0,0.79,0.74,1.0,492
ADM3_BagherPara,1.8,1.8,0.63,0.7,1.0,444
ADM3_Baghmara,1.6,1.4,0.72,0.68,0.8,430
ADM3_Bahubal,1.6,1.2,0.45,0.48,0.4,437
ADM3_Bajitpur,1.2,2.4,0.76,0.74,1.0,460
ADM3_Bakalia,1.2,1.4,0.5,0.52,0.8,399
ADM3_Bakerganj,1.8,1.4,0.55,0.64,1.0,438
ADM3_Bakshiganj,1.0,2.0,0.52,0.71,1.0,461
ADM3_Balaganj,2.4,1.8,0.4,0.54,0.8,473
ADM3_BaliaKandi,2.0,2.2,0.48,0.64,1.0,448
ADM3_Baliadangi,2.0,2.0,0.66,0.76,1.0,465
ADM3_Bamna,1.6,1.6,0.55,0.55,1.0,434
ADM3_BanariPara,1.8,1.8,0.76,0.79,1.0,426
ADM3_Banchharampur,2.2,1.2,0.68,0.64,1.0,449
ADM3_Bandar,1.6,1.2,0.57,0.53,0.8,406
ADM3_BandarbanSadar,1.0,1.2,0.76,0.76,1.0,495
ADM3_Bangshal,0.0,0.0,0.15,0.16,0.0,318
ADM3_Baniachong,2.0,1.4,0.52,0.61,1.0,436
ADM3_Banshkhali,2.4,2.4,0.47,0.76,1.0,456
ADM3_Baraigram,1.4,1.0,0.59,0.64,1.0,446
ADM3_BargunaSadar,2.0,2.0,0.52,0.53,0.8,431
ADM3_Barhatta,2.4,2.4,0.71,0.81,1.0,453
ADM3_BarisalSadarKotwali,1.2,1.0,0.54,0.41,0.0,354
ADM3_Barkal,1.0,1.0,0.72,0.78,1.0,519
ADM3_Barlekha,1.4,1.8,0.31,0.39,0.0,453
ADM3_Barura,2.0,1.8,0.59,0.65,1.0,425
ADM3_Basail,2.0,2.6,0.57,0.64,1.0,443
ADM3_Batiaghata,1.6,1.4,0.36,0.51,0.8,424
ADM3_Bauphal,1.6,1.6,0.52,0.56,1.0,419
ADM3_BayejidBostami,1.0,1.2,0.48,0.65,1.0,430
ADM3_BeaniBazar,2.0,1.8,0.51,0.56,1.0,483
ADM3_Begumganj,2.2,1.8,0.76,0.76,1.0,417
ADM3_Belabo,1.8,1.6,0.65,0.65,1.0,415
ADM3_BelaiChhari,1.2,1.0,0.8,0.82,1.0,512
ADM3_Belkuchi,1.4,1.2,0.55,0.61,1.0,436
ADM3_Bera,1.0,1.0,0.19,0.49,0.6,325
ADM3_Betagi,2.6,2.2,0.56,0.45,0.2,433
ADM3_Bhairab,2.6,2.4,0.58,0.61,1.0,451
ADM3_Bhaluka,1.6,1.8,0.48,0.62,1.0,420
ADM3_Bhandaria,1.8,1.4,0.56,0.62,1.0,436
ADM3_Bhanga,2.0,1.6,0.71,0.69,1.0,442
ADM3_Bhangura,1.4,2.4,0.7,0.59,0.8,398
ADM3_Bhedarganj,2.4,2.2,0.62,0.72,1.0,496
ADM3_Bheramara,2.6,2.4,0.5,0.77,1.0,456
ADM3_BholaSadar,1.8,1.2,0.63,0.67,1.0,426
ADM3_Bholahat,2.2,2.4,0.64,0.75,0.8,452
ADM3_Bhuapur,1.0,1.2,0.3,0.45,0.2,332
ADM3_Bhurungamari,1.8,2.4,0.52,0.66,1.0,474
ADM3_Bijoynagar,2.2,2.0,0.65,0.68,1.0,463
ADM3_BimanBandar,1.0,0.0,0.25,0.15,0.0,376
ADM3_Biral,2.0,2.0,0.56,0.62,1.0,438
ADM3_Birampur,2.0,2.0,0.61,0.67,1.0,442
ADM3_Birganj,2.4,2.0,0.62,0.62,1.0,463
ADM3_Bishwambarpur,2.2,2.0,0.52,0.69,1.0,481
ADM3_Bishwanath,1.8,2.0,0.42,0.6,1.0,474
ADM3_Boalia,2.4,1.0,0.48,0.42,0.0,418
ADM3_Boalkhali,1.8,1.2,0.58,0.61,1.0,455
ADM3_Boalmari,1.8,1.8,0.7,0.62,1.0,443
ADM3_Bochaganj,2.0,2.6,0.52,0.49,0.4,438
ADM3_Boda,1.2,1.8,0.44,0.51,0.4,465
ADM3_BograSadar,2.0,1.6,0.49,0.62,1.0,436
ADM3_BrahmanPara,2.2,2.0,0.74,0.73,1.0,451
ADM3_BrahmanbariaSadar,1.6,1.4,0.46,0.43,0.0,373
ADM3_Burhanuddin,1.4,1.8,0.55,0.67,1.0,429
ADM3_Burichang,2.2,2.2,0.66,0.73,1.0,427
ADM3_Cantonment,1.0,1.0,0.39,0.34,0.0,421
ADM3_ChakBazar,0.0,0.4,0.18,0.19,0.0,334
ADM3_Chakaria,1.8,2.0,0.59,0.74,1.0,469
ADM3_Chandanaish,1.2,1.0,0.62,0.66,1.0,457
ADM3_Chandgaon,1.2,1.0,0.49,0.36,0.0,420
ADM3_Chandina,2.0,1.8,0.65,0.69,1.0,442
ADM3_ChandpurSadar,2.2,1.8,0.63,0.68,1.0,428
ADM3_CharFasson,2.0,2.0,0.6,0.73,1.0,416
ADM3_CharRajibpur,0.2,0.8,0.17,0.2,0.0,319
ADM3_Charghat,2.0,2.2,0.55,0.8,1.0,442
ADM3_Chatkhil,2.0,2.2,0.82,0.73,1.0,415
ADM3_Chatmohar,1.8,1.0,0.6,0.65,1.0,429
ADM3_Chauddagram,1.6,1.8,0.52,0.59,0.8,431
ADM3_Chaugachha,2.0,2.0,0.54,0.55,0.8,422
ADM3_Chhagalnaiya,2.0,1.6,0.45,0.55,0.8,444
ADM3_Chhatak,2.2,2.0,0.66,0.66,1.0,465
ADM3_Chirirbandar,2.0,2.0,0.6,0.56,0.6,451
ADM3_Chitalmari,1.6,2.2,0.6,0.76,1.0,448
ADM3_ChittagongPort,1.2,1.0,0.45,0.38,0.0,381
ADM3_ChuadangaSadar,2.2,2.0,0.64,0.72,1.0,442
ADM3_Chunarughat,2.0,2.2,0.4,0.59,0.8,454
ADM3_ComillaAdarshaSadar,1.8,1.8,0.61,0.41,0.2,398
ADM3_ComillaSadarDakshin,1.8,2.2,0.69,0.68,1.0,453
ADM3_Companiganj_185666,2.2,1.6,0.71,0.68,1.0,491
ADM3_Companiganj_539746,1.4,1.2,0.43,0.41,0.2,455
ADM3_CoxsBazarSadar,2.0,2.0,0.42,0.44,0.4,430
ADM3_Dacope,1.4,2.0,0.76,0.71,1.0,408
ADM3_Daganbhuiyan,1.0,1.0,0.58,0.67,1.0,429
ADM3_DakshinSunamganj,1.0,1.0,0.79,0.78,1.0,350
ADM3_DakshinSurma,1.6,1.2,0.49,0.6,1.0,463
ADM3_Dakshinkhan,1.4,1.2,0.43,0.33,0.0,428
ADM3_Damudya,2.2,2.0,0.78,0.77,1.0,452
ADM3_Damurhuda,1.8,2.0,0.58,0.74,1.0,440
ADM3_DarusSalam,1.0,0.6,0.33,0.22,0.0,403
ADM3_Dashmina,1.6,1.8,0.36,0.38,0.0,434
ADM3_Daudkandi,2.0,2.0,0.64,0.75,1.0,445
ADM3_Daulatkhan,2.4,1.2,0.52,0.67,1.0,439
ADM3_Daulatpur_050002,1.6,2.0,0.55,0.64,1.0,404
ADM3_Daulatpur_326946,2.0,2.2,0.66,0.84,1.0,460
ADM3_Daulatpur_839920,1.8,2.0,0.47,0.7,1.0,425
ADM3_Debhata,1.8,2.4,0.44,0.56,1.0,418
ADM3_Debidwar,2.2,1.6,0.62,0.68,1.0,444
ADM3_Debiganj,1.2,1.8,0.47,0.67,1.0,468
ADM3_Delduar,2.0,2.4,0.65,0.74,1.0,436
ADM3_Demra,1.0,1.4,0.61,0.43,0.0,374
ADM3_Derai,2.0,2.0,0.56,0.7,1.0,472
ADM3_Dewanganj,1.4,1.6,0.44,0.66,1.0,465
ADM3_Dhamoirhat,2.2,2.0,0.57,0.53,0.6,448
ADM3_Dhamrai,2.0,1.8,0.65,0.63,1.0,408
ADM3_Dhanbari,2.0,2.0,0.65,0.71,1.0,461
ADM3_Dhanmondi,0.2,0.4,0.21,0.21,0.0,358
ADM3_Dhobaura,1.8,2.2,0.51,0.74,1.0,451
ADM3_Dhunat,2.0,2.0,0.69,0.69,1.0,437
ADM3_Dhupchanchia,3.0,3.2,0.56,0.71,1.0,462
ADM3_Dighalia,1.4,1.8,0.62,0.64,1.0,426
ADM3_Dighinala,1.0,1.0,0.76,0.8,1.0,491
ADM3_Dimla,2.2,2.0,0.53,0.68,1.0,455
ADM3_DinajpurSadar,2.0,2.0,0.56,0.43,0.4,435
ADM3_Dohar,2.4,1.8,0.57,0.66,1.0,424
ADM3_Domar,2.0,2.4,0.47,0.7,1.0,471
ADM3_DoubleMooring,1.2,1.0,0.35,0.3,0.0,378
ADM3_Dowarabazar,1.8,2.0,0.55,0.57,0.8,468
ADM3_Dumki,1.6,1.6,0.58,0.55,1.0,431
ADM3_Dumuria,1.8,2.0,0.55,0.71,1.0,450
ADM3_Durgapur_169588,1.8,2.0,0.57,0.67,1.0,461
ADM3_Durgapur_796536,2.0,1.8,0.65,0.56,1.0,440
ADM3_Fakirhat,1.2,1.8,0.52,0.7,1.0,438
ADM3_Faridganj,1.4,1.8,0.61,0.72,1.0,437
ADM3_Faridpur,1.8,1.8,0.55,0.63,1.0,443
ADM3_FaridpurSadar,1.2,1.4,0.56,0.58,1.0,396
ADM3_Fatikchhari,1.2,1.8,0.41,0.62,1.0,437
ADM3_Fenchuganj,1.0,1.6,0.68,0.71,1.0,396
ADM3_FeniSadar,2.0,1.2,0.61,0.67,1.0,437
ADM3_Fulbari,2.0,2.0,0.63,0.7,1.0,438
ADM3_Fulbaria,1.6,2.0,0.51,0.66,1.0,425
ADM3_Fulgazi,1.6,2.0,0.46,0.58,0.6,453
ADM3_Gabtali,2.0,2.0,0.63,0.62,0.8,433
ADM3_Gaffargaon,2.2,2.0,0.46,0.67,1.0,436
ADM3_GaibandhaSadar,1.6,2.0,0.66,0.77,1.0,437
ADM3_Galachipa,2.4,2.8,0.42,0.49,0.4,386
ADM3_Gangachara,2.2,2.0,0.62,0.71,1.0,456
ADM3_Gangni,2.0,1.8,0.64,0.51,0.4,450
ADM3_Gauripur,2.2,1.8,0.63,0.67,1.0,431
ADM3_Gaurnadi,2.2,1.4,0.66,0.7,1.0,434
ADM3_Gazaria,2.2,1.4,0.68,0.68,1.0,476
ADM3_GazipurSadar,1.4,2.0,0.42,0.68,1.0,414
ADM3_Gendaria,0.0,0.0,0.19,0.14,0.0,320
ADM3_Ghatail,1.2,1.8,0.57,0.63,1.0,448
ADM3_Ghior,2.8,2.0,0.62,0.73,1.0,437
ADM3_Ghoraghat,1.6,2.0,0.58,0.63,1.0,441
ADM3_Goalandaghat,0.6,2.0,0.34,0.52,0.6,454
ADM3_Gobindaganj,1.8,1.4,0.48,0.53,0.8,437
ADM3_Godagari,1.6,2.0,0.46,0.57,0.8,444
ADM3_Golabganj,1.0,1.4,0.54,0.66,1.0,462
ADM3_Gomastapur,1.0,1.2,0.74,0.82,1.0,349
ADM3_GopalganjSadar,1.8,1.8,0.46,0.73,1.0,442
ADM3_Gopalpur,2.6,2.6,0.7,0.7,1.0,436
ADM3_Gosairhat,1.6,1.6,0.54,0.64,1.0,462
ADM3_Gowainghat,1.8,1.6,0.6,0.59,1.0,475
ADM3_Gulshan,1.0,1.0,0.33,0.32,0.0,409
ADM3_Gurudaspur,2.0,2.0,0.61,0.68,1.0,442
ADM3_HabiganjSadar,1.0,1.0,0.55,0.56,1.0,436
ADM3_HaimChar,2.2,2.2,0.72,0.67,1.0,437
ADM3_Hajiganj,2.2,2.2,0.74,0.73,1.0,442
ADM3_Hakimpur,2.0,2.0,0.61,0.59,0.6,424
ADM3_Halishahar,1.8,1.0,0.4,0.31,0.0,390
ADM3_Haluaghat,1.8,2.4,0.51,0.67,1.0,449
ADM3_Harinakunda,2.0,2.0,0.68,0.71,1.0,449
ADM3_Haripur,2.0,1.6,0.56,0.63,1.0,461
ADM3_Hathazari,1.0,1.2,0.44,0.53,0.6,426
ADM3_Hatibandha,1.2,1.6,0.47,0.57,0.8,450
ADM3_Hatiya,2.0,1.0,0.42,0.51,0.6,433
ADM3_Hazaribagh,1.0,1.8,0.5,0.33,0.0,354
ADM3_Hizla,1.4,2.0,0.59,0.65,1.0,457
ADM3_Homna,2.0,1.8,0.71,0.69,1.0,435
ADM3_Hossainpur,2.6,2.0,0.64,0.74,1.0,449
ADM3_Ishwardi,1.6,1.0,0.5,0.66,1.0,431
ADM3_Ishwarganj,1.4,2.2,0.59,0.69,1.0,448
ADM3_Islampur,1.4,2.0,0.55,0.69,1.0,426
ADM3_Itna,1.0,1.4,0.74,0.77,1.0,343
ADM3_Jagannathpur,1.6,1.6,0.73,0.73,1.0,439
ADM3_Jaintiapur,1.6,1.4,0.35,0.36,0.0,470
ADM3_Jaldhaka,1.8,2.0,0.53,0.74,1.0,466
ADM3_Jamalganj,1.6,1.0,0.68,0.69,1.0,343
ADM3_JamalpurSadar,2.0,2.4,0.65,0.57,0.8,455
ADM3_Jatrabari,1.6,1.0,0.45,0.23,0.0,382
ADM3_JhalokatiSadar,1.8,1.2,0.61,0.69,1.0,427
ADM3_JhenaidahSadar,2.0,2.0,0.62,0.67,1.0,448
ADM3_Jhenaigati,1.2,1.8,0.46,0.71,1.0,462
ADM3_Jhikargachha,2.0,1.4,0.61,0.63,1.0,426
ADM3_JibanNagar,1.8,2.0,0.58,0.74,1.0,437
ADM3_JoypurhatSadar,1.2,1.4,0.46,0.5,0.4,430
ADM3_JuraiChhari,1.2,1.0,0.76,0.73,1.0,520
ADM3_Juri,1.8,1.0,0.5,0.51,0.8,438
ADM3_Kabirhat,1.6,1.6,0.61,0.65,1.0,451
ADM3_Kachua_342001,1.8,1.8,0.58,0.73,1.0,435
ADM3_Kachua_371605,2.2,1.8,0.67,0.72,1.0,455
ADM3_Kadamtali,1.6,0.8,0.47,0.28,0.0,328
ADM3_Kafrul,1.0,0.4,0.26,0.21,0.0,392
ADM3_Kahaloo,3.0,3.0,0.58,0.67,1.0,458
ADM3_Kaharole,2.0,1.8,0.51,0.49,0.4,439
ADM3_KalaPara,1.4,1.0,0.38,0.34,0.0,393
ADM3_Kalabagan,0.6,0.6,0.22,0.19,0.0,350
ADM3_Kalai,3.4,2.8,0.63,0.68,1.0,456
ADM3_Kalaroa,2.0,2.8,0.65,0.66,1.0,440
ADM3_Kalia,1.8,2.0,0.58,0.66,1.0,437
ADM3_Kaliakair,2.6,2.4,0.62,0.71,1.0,429
ADM3_Kaliganj_086039,2.0,2.0,0.7,0.73,1.0,453
ADM3_Kaliganj_098735,1.0,1.8,0.55,0.69,1.0,437
ADM3_Kaliganj_663470,1.0,0.4,0.16,0.25,0.0,395
ADM3_Kaliganj_882675,2.0,2.0,0.53,0.64,1.0,438
ADM3_Kalihati,1.8,2.0,0.68,0.68,1.0,439
ADM3_Kalkini,2.2,1.0,0.62,0.67,1.0,428
ADM3_Kalmakanda,1.8,2.0,0.64,0.69,0.8,477
ADM3_Kalukhali,1.2,1.4,0.47,0.59,1.0,454
ADM3_Kamalganj,1.4,1.8,0.39,0.51,0.6,458
ADM3_Kamalnagar,2.0,2.0,0.67,0.56,1.0,447
ADM3_Kamarkhanda,1.4,1.6,0.58,0.65,1.0,426
ADM3_KamrangirChar,0.6,0.0,0.3,0.18,0.0,312
ADM3_Kanaighat,1.6,1.8,0.46,0.44,0.0,437
ADM3_Kanthalia,2.0,1.8,0.54,0.56,1.0,428
ADM3_Kapasia,2.0,2.2,0.72,0.7,1.0,432
ADM3_Kaptai,1.4,1.4,0.74,0.75,1.0,490
ADM3_Karimganj,1.6,1.8,0.57,0.68,1.0,463
ADM3_Kasba,2.2,2.2,0.68,0.74,1.0,447
ADM3_Kashiani,2.2,2.0,0.69,0.71,1.0,450
ADM3_Katiadi,2.6,2.2,0.65,0.71,1.0,440
ADM3_Kaunia,2.2,1.6,0.58,0.68,1.0,453
ADM3_Kawkhali,1.4,1.8,0.53,0.64,1.0,417
ADM3_KawkhaliBetbunia,1.0,1.0,0.67,0.71,1.0,478
ADM3_Kazipur,0.0,2.4,0.07,0.64,1.0,304
ADM3_Kendua,1.8,2.0,0.61,0.76,1.0,440
ADM3_Keraniganj,2.2,1.8,0.65,0.51,0.4,447
ADM3_Keshabpur,2.0,2.0,0.66,0.72,1.0,441
ADM3_KhagrachhariSadar,1.0,1.2,0.61,0.61,1.0,479
ADM3_Khalishpur,1.4,1.0,0.48,0.41,0.0,373
ADM3_KhanJahanAli,1.6,1.0,0.69,0.59,1.0,430
ADM3_Khansama,1.8,1.8,0.56,0.7,1.0,456
ADM3_Khetlal,3.2,2.8,0.65,0.57,0.8,457
ADM3_Khilgaon,2.0,1.4,0.57,0.44,0.0,426
ADM3_Khilkhet,1.4,1.2,0.62,0.37,0.0,444
ADM3_Khoksa,2.0,2.0,0.51,0.65,1.0,447
ADM3_KhulnaSadar,1.0,1.0,0.4,0.33,0.0,374
ADM3_Khulshi,1.0,1.0,0.36,0.43,0.0,403
ADM3_Kishoreganj,1.4,2.0,0.52,0.67,1.0,449
ADM3_KishoreganjSadar,1.4,1.2,0.52,0.45,0.0,400
ADM3_KotaliPara,1.4,2.2,0.35,0.82,1.0,454
ADM3_Kotchandpur,2.0,2.0,0.59,0.72,1.0,450
ADM3_Kotwali_226647,1.4,1.4,0.41,0.43,0.2,389
ADM3_Kotwali_291187,1.8,1.2,0.51,0.5,0.6,409
ADM3_Kotwali_832933,0.0,0.0,0.18,0.18,0.0,303
ADM3_Koyra,1.4,1.4,0.74,0.78,1.0,427
ADM3_Kulaura,1.6,1.0,0.43,0.47,0.2,452
ADM3_KuliarChar,2.4,2.0,0.71,0.73,1.0,442
ADM3_Kumarkhali,1.2,1.6,0.49,0.6,1.0,448
ADM3_KurigramSadar,1.8,2.6,0.45,0.63,1.0,490
ADM3_KushtiaSadar,2.0,1.6,0.56,0.57,1.0,440
ADM3_Kutubdia,0.2,0.6,0.12,0.17,0.0,364
ADM3_Lakhai,1.8,2.0,0.78,0.74,1.0,466
ADM3_Laksam,2.2,1.6,0.61,0.65,1.0,434
ADM3_Lakshmichhari,1.0,1.6,0.72,0.77,1.0,483
ADM3_LakshmipurSadar,2.0,1.4,0.63,0.75,1.0,432
ADM3_Lalbagh,0.0,0.2,0.19,0.17,0.0,346
ADM3_Lalmohan,1.8,1.2,0.69,0.72,1.0,435
ADM3_LalmonirhatSadar,1.8,1.8,0.52,0.68,1.0,454
ADM3_Lalpur,1.0,2.2,0.44,0.6,1.0,462
ADM3_Lama,1.0,1.0,0.77,0.68,1.0,488
ADM3_Langadu,1.2,1.2,0.08,0.27,0.4,368
ADM3_Lohagara_691580,1.8,2.2,0.55,0.68,1.0,426
ADM3_Lohagara_836566,1.2,1.2,0.44,0.54,1.0,444
ADM3_Lohajang,1.2,1.8,0.53,0.59,1.0,401
ADM3_Madan,1.8,1.8,0.85,0.83,1.0,470
ADM3_Madarganj,2.2,2.2,0.59,0.75,1.0,465
ADM3_MadaripurSadar,1.8,1.6,0.67,0.66,1.0,433
ADM3_Madhabpur,2.0,2.0,0.58,0.6,0.8,452
ADM3_Madhukhali,2.0,2.2,0.53,0.66,1.0,432
ADM3_Madhupur,1.2,1.6,0.55,0.61,1.0,426
ADM3_MaguraSadar,2.2,1.6,0.51,0.56,1.0,441
ADM3_Mahadebpur,2.0,2.6,0.6,0.61,1.0,437
ADM3_Mahalchhari,1.4,1.2,0.66,0.64,1.0,481
ADM3_Maheshkhali,2.4,1.4,0.72,0.6,1.0,411
ADM3_Maheshpur,2.2,2.0,0.75,0.71,1.0,443
ADM3_Manda,1.6,1.8,0.53,0.59,1.0,450
ADM3_Manikchhari,1.2,1.0,0.58,0.66,1.0,475
ADM3_ManikganjSadar,1.6,1.6,0.56,0.7,1.0,420
ADM3_Manirampur,2.0,2.4,0.66,0.77,1.0,435
ADM3_Manohardi,1.8,2.4,0.63,0.71,1.0,437
ADM3_Manoharganj,2.2,2.2,0.71,0.72,1.0,425
ADM3_Manpura,1.4,1.0,0.46,0.52,0.8,411
ADM3_Mathbaria,1.8,1.2,0.5,0.49,0.2,422
ADM3_Matihar,1.2,1.2,0.46,0.46,0.2,436
ADM3_Matiranga,1.2,1.4,0.57,0.69,1.0,441
ADM3_MatlabDakshin,2.2,2.2,0.73,0.76,1.0,442
ADM3_MatlabUttar,2.0,2.2,0.49,0.69,1.0,453
ADM3_MaulviBazarSadar,1.8,1.2,0.48,0.5,0.4,462
ADM3_Meghna,2.2,1.4,0.63,0.67,1.0,460
ADM3_Mehendiganj,1.6,1.8,0.56,0.65,1.0,460
ADM3_MeherpurSadar,1.8,1.6,0.6,0.71,1.0,441
ADM3_Melandaha,2.0,2.0,0.72,0.73,1.0,436
ADM3_Mirpur_169518,1.0,0.0,0.28,0.2,0.0,385
ADM3_Mirpur_956594,2.4,2.2,0.65,0.68,1.0,449
ADM3_Mirsharai,2.0,1.4,0.63,0.62,1.0,441
ADM3_Mirzaganj,1.4,1.2,0.52,0.49,0.4,411
ADM3_Mirzapur,2.4,2.2,0.68,0.76,1.0,446
ADM3_MithaPukur,2.4,1.8,0.62,0.63,0.8,450
ADM3_Mithamain,1.0,1.0,0.8,0.81,1.0,338
ADM3_Mohammadpur_517929,0.0,0.2,0.2,0.19,0.0,344
ADM3_Mohammadpur_792291,1.6,1.6,0.54,0.68,1.0,445
ADM3_Mohanpur,2.0,2.8,0.59,0.58,0.8,430
ADM3_Mollahat,1.8,2.2,0.66,0.59,1.0,459
ADM3_Mongla,1.4,1.4,0.75,0.74,1.0,392
ADM3_Morrelganj,1.8,1.2,0.42,0.48,0.2,411
ADM3_Motijheel,1.2,2.2,0.29,0.35,0.2,366
ADM3_MujibNagar,1.4,2.0,0.56,0.7,1.0,439
ADM3_Muksudpur,2.0,2.4,0.78,0.72,1.0,448
ADM3_Muktagachha,1.8,2.0,0.59,0.64,1.0,448
ADM3_Muladi,1.8,1.8,0.55,0.63,1.0,428
ADM3_MunshiganjSadar,2.4,2.0,0.75,0.72,1.0,460
ADM3_Muradnagar,2.2,2.0,0.58,0.56,1.0,453
ADM3_MymensinghSadar,2.4,1.8,0.62,0.71,1.0,435
ADM3_Nabiganj,1.8,2.0,0.47,0.71,1.0,453
ADM3_Nabinagar,2.0,2.2,0.76,0.78,1.0,439
ADM3_Nachole,1.6,2.4,0.42,0.68,1.0,465
ADM3_Nagarkanda,2.4,2.0,0.67,0.63,1.0,463
ADM3_Nagarpur,2.0,1.8,0.57,0.62,1.0,436
ADM3_Nageshwari,2.2,2.4,0.47,0.66,1.0,464
ADM3_Naikhongchhari,1.0,1.2,0.71,0.74,1.0,460
ADM3_Nakla,2.2,2.2,0.71,0.75,1.0,449
ADM3_Nalchity,1.6,2.0,0.63,0.7,1.0,434
ADM3_Nalitabari,2.2,2.0,0.7,0.72,1.0,461
ADM3_Nandail,2.2,2.2,0.69,0.75,1.0,443
ADM3_Nandigram,2.2,2.0,0.61,0.73,1.0,435
ADM3_Nangalkot,2.2,2.2,0.49,0.71,1.0,441
ADM3_Naniarchar,1.0,1.0,0.68,0.65,1.0,468
ADM3_NaogaonSadar,2.2,2.0,0.73,0.73,1.0,448
ADM3_NarailSadar,1.2,1.2,0.65,0.64,1.0,425
ADM3_Naria,1.4,1.2,0.59,0.6,1.0,421
ADM3_NarsingdiSadar,1.4,2.2,0.66,0.55,0.6,402
ADM3_Nasirnagar,2.2,2.2,0.46,0.7,1.0,470
ADM3_NatoreSadar,1.2,1.6,0.44,0.64,1.0,452
ADM3_NawabganjSadar,1.8,2.0,0.43,0.7,1.0,458
ADM3_Nawabganj_222310,2.4,1.4,0.71,0.64,1.0,423
ADM3_Nawabganj_718336,2.2,1.6,0.48,0.57,1.0,414
ADM3_Nazirpur,1.8,2.2,0.64,0.74,1.0,440
ADM3_NesarabadSwarupkati,2.4,2.4,0.48,0.56,0.8,398
ADM3_NetrokonaSadar,1.8,1.4,0.55,0.56,1.0,417
ADM3_NewMarket,1.2,1.4,0.37,0.34,0.0,360
ADM3_Niamatpur,1.8,2.0,0.42,0.64,0.8,434
ADM3_Nikli,1.0,1.2,0.68,0.73,1.0,315
ADM3_NilphamariSadar,1.4,1.6,0.5,0.59,0.8,429
ADM3_NoakhaliSadarSudharam,1.4,1.4,0.56,0.64,1.0,438
ADM3_Paba,1.2,1.0,0.45,0.52,0.8,439
ADM3_PabnaSadar,1.6,1.8,0.57,0.63,1.0,440
ADM3_Pahartali,1.2,2.0,0.49,0.53,0.8,400
ADM3_Pakundia,1.8,1.8,0.62,0.65,1.0,430
ADM3_Palash,2.0,2.0,0.64,0.69,1.0,447
ADM3_Palashbari,2.0,1.8,0.54,0.65,1.0,453
ADM3_Pallabi,0.4,0.0,0.24,0.18,0.0,384
ADM3_Paltan,0.0,0.6,0.21,0.23,0.0,376
ADM3_PanchagarhSadar,1.0,1.2,0.51,0.63,1.0,472
ADM3_Panchbibi,2.0,1.8,0.51,0.44,0.4,443
ADM3_Panchhari,1.2,1.0,0.75,0.67,1.0,462
ADM3_Panchlaish,1.0,1.2,0.51,0.56,0.6,389
ADM3_Pangsha,1.0,1.8,0.55,0.67,1.0,453
ADM3_Parbatipur,2.0,2.0,0.6,0.72,1.0,418
ADM3_Parshuram,1.8,1.2,0.54,0.59,1.0,460
ADM3_Patenga,1.0,1.4,0.54,0.44,0.2,391
ADM3_Patgram,1.0,1.4,0.41,0.45,0.2,446
ADM3_Patharghata,1.6,1.4,0.49,0.51,0.6,419
ADM3_Patiya,2.2,1.6,0.63,0.65,1.0,461
ADM3_Patnitala,2.0,2.2,0.54,0.67,0.8,414
ADM3_PatuakhaliSadar,1.8,1.4,0.51,0.5,0.4,410
ADM3_Pekua,2.0,2.2,0.7,0.69,1.0,458
ADM3_Phulbari,1.0,1.8,0.57,0.69,1.0,457
ADM3_Phulpur,2.2,2.0,0.79,0.79,1.0,444
ADM3_Phultala,2.0,2.0,0.62,0.69,1.0,454
ADM3_Pirgachha,2.2,2.2,0.61,0.68,1.0,458
ADM3_Pirganj_117283,2.0,2.2,0.55,0.51,0.4,445
ADM3_Pirganj_912558,2.2,2.2,0.52,0.6,1.0,453
ADM3_PirojpurSadar,2.0,2.2,0.66,0.77,1.0,419
ADM3_Porsha,1.4,1.0,0.39,0.56,0.8,448
ADM3_Purbadhala,2.0,2.0,0.63,0.73,1.0,438
ADM3_Puthia,2.2,2.2,0.57,0.69,1.0,454
ADM3_Rajapur,1.6,1.6,0.62,0.65,1.0,432
ADM3_Rajarhat,1.8,1.6,0.5,0.55,0.8,464
ADM3_Rajasthali,1.0,1.0,0.68,0.69,1.0,504
ADM3_RajbariSadar,1.2,1.2,0.46,0.61,1.0,433
ADM3_Rajnagar,2.0,2.0,0.54,0.63,0.8,463
ADM3_Rajoir,2.0,1.8,0.62,0.72,1.0,429
ADM3_Rajpara,1.0,1.0,0.4,0.33,0.0,413
ADM3_Ramganj,2.2,1.0,0.69,0.69,1.0,416
ADM3_Ramgarh,1.2,1.2,0.68,0.63,1.0,473
ADM3_Ramgati,1.6,2.0,0.41,0.45,0.2,464
ADM3_Ramna,0.4,0.0,0.22,0.25,0.0,356
ADM3_Rampal,1.0,0.6,0.23,0.25,0.0,417
ADM3_Rampura,0.2,0.2,0.23,0.24,0.0,342
ADM3_Ramu,1.0,1.2,0.6,0.68,1.0,421
ADM3_RangamatiSadar,0.0,1.4,0.13,0.17,0.0,304
ADM3_RangpurSadar,1.2,1.6,0.51,0.51,0.4,439
ADM3_Rangunia,1.2,1.0,0.57,0.54,0.8,466
ADM3_Raninagar,2.0,2.0,0.81,0.8,1.0,433
ADM3_Ranisankail,2.0,1.8,0.6,0.6,1.0,445
ADM3_Raozan,2.0,1.8,0.65,0.62,1.0,452
ADM3_Raumari,2.6,2.6,0.61,0.6,1.0,479
ADM3_Rowangchhari,1.0,1.6,0.67,0.74,1.0,513
ADM3_Royganj,1.8,2.4,0.55,0.59,1.0,447
ADM3_Roypur,2.0,1.8,0.78,0.72,1.0,434
ADM3_Roypura,2.2,2.2,0.58,0.67,1.0,457
ADM3_Ruma,1.0,1.6,0.76,0.8,1.0,525
ADM3_Rupganj,2.0,1.0,0.56,0.55,0.8,421
ADM3_Rupsa,2.2,2.4,0.48,0.58,1.0,454
ADM3_Sabujbagh,1.6,1.8,0.55,0.33,0.0,395
ADM3_Sadarpur,1.8,1.8,0.6,0.58,1.0,443
ADM3_Sadullapur,2.0,2.2,0.62,0.69,1.0,450
ADM3_Saghatta,2.4,2.4,0.65,0.72,1.0,369
ADM3_Saidpur,2.6,2.0,0.62,0.59,0.8,461
ADM3_Sakhipur,1.8,1.0,0.53,0.57,1.0,416
ADM3_Saltha,1.6,1.8,0.47,0.63,1.0,458
ADM3_Sandwip,1.8,1.0,0.58,0.69,1.0,450
ADM3_Santhia,1.0,1.0,0.42,0.57,1.0,466
ADM3_Sapahar,1.4,1.6,0.4,0.59,1.0,436
ADM3_Sarail,2.2,2.2,0.62,0.69,1.0,436
ADM3_Sarankhola,2.0,2.0,0.6,0.66,1.0,396
ADM3_Sarishabari,2.2,2.0,0.67,0.76,1.0,461
ADM3_Satkania,1.6,1.4,0.5,0.62,1.0,447
ADM3_SatkhiraSadar,2.0,1.2,0.83,0.74,1.0,432
ADM3_Saturia,2.2,1.4,0.6,0.7,1.0,407
ADM3_Savar,1.2,1.4,0.53,0.56,0.8,421
ADM3_Senbagh,1.8,2.0,0.6,0.71,1.0,445
ADM3_Serajdikhan,2.4,2.0,0.72,0.78,1.0,455
ADM3_ShahAli,1.4,1.6,0.45,0.43,0.0,405
ADM3_ShahMakhdum,1.0,1.0,0.48,0.38,0.0,426
ADM3_Shahbagh,1.4,1.2,0.38,0.34,0.0,389
ADM3_Shahjadpur,2.2,2.6,0.59,0.66,1.0,430
ADM3_Shahrasti,1.6,1.4,0.59,0.65,1.0,445
ADM3_Shailkupa,1.6,2.0,0.48,0.59,1.0,422
ADM3_Shajahanpur,1.6,2.4,0.44,0.69,1.0,440
ADM3_Shalikha,1.8,2.0,0.59,0.7,1.0,428
ADM3_ShariatpurSadar,2.6,2.2,0.65,0.72,1.0,433
ADM3_Sharsha,2.0,2.2,0.82,0.75,1.0,418
ADM3_SherebanglaNagar,1.4,1.6,0.36,0.36,0.0,403
ADM3_Sherpur,2.0,2.0,0.62,0.71,1.0,439
ADM3_SherpurSadar,1.8,1.8,0.54,0.55,0.6,421
ADM3_ShibChar,2.2,1.8,0.58,0.68,1.0,448
ADM3_Shibalaya,2.4,2.2,0.61,0.6,1.0,449
ADM3_Shibganj_340057,2.0,2.2,0.54,0.64,0.8,435
ADM3_Shibganj_581700,1.2,1.6,0.53,0.61,1.0,447
ADM3_Shibpur,1.6,1.4,0.58,0.66,1.0,429
ADM3_Shyamnagar,1.6,1.0,0.74,0.72,1.0,412
ADM3_Shyampur,0.8,1.2,0.3,0.3,0.0,326
ADM3_Singair,2.0,2.0,0.57,0.65,1.0,422
ADM3_Singra,1.6,3.0,0.8,0.85,1.0,450
ADM3_SirajganjSadar,1.8,3.0,0.43,0.58,1.0,380
ADM3_Sitakunda,2.4,1.2,0.49,0.59,1.0,461
ADM3_Sonadanga,1.0,1.2,0.45,0.32,0.0,370
ADM3_Sonagazi,2.2,1.0,0.53,0.65,1.0,456
ADM3_Sonaimuri,2.2,2.0,0.79,0.71,1.0,401
ADM3_Sonargaon,1.4,1.2,0.5,0.61,1.0,450
ADM3_Sonatola,2.0,1.8,0.57,0.55,0.6,343
ADM3_Sreebardi,2.0,2.2,0.72,0.79,1.0,462
ADM3_Sreemangal,1.2,1.2,0.39,0.49,0.4,449
ADM3_Sreenagar,2.4,2.0,0.78,0.77,1.0,422
ADM3_Sreepur_021808,2.0,2.2,0.51,0.58,0.8,446
ADM3_Sreepur_171075,1.6,1.8,0.55,0.52,0.6,406
ADM3_Subarnachar,1.4,1.2,0.57,0.64,1.0,438
ADM3_Sujanagar,1.6,2.8,0.57,0.63,1.0,421
ADM3_SunamganjSadar,1.8,1.8,0.66,0.67,1.0,461
ADM3_Sundarganj,1.6,2.0,0.54,0.66,1.0,452
ADM3_Sutrapur,0.0,0.2,0.18,0.15,0.0,323
ADM3_SylhetSadar,1.4,1.0,0.54,0.58,1.0,442
ADM3_Tala,2.4,2.0,0.54,0.67,1.0,443
ADM3_TangailSadar,2.0,2.0,0.59,0.72,1.0,440
ADM3_Tanore,1.8,2.6,0.5,0.8,1.0,449
ADM3_Taraganj,1.8,1.2,0.54,0.65,1.0,446
ADM3_Tarail,1.8,1.4,0.54,0.55,1.0,445
ADM3_Tarash,2.0,2.4,0.83,0.68,0.8,464
ADM3_Tazumuddin,1.6,1.4,0.57,0.73,1.0,446
ADM3_Tejgaon,0.6,0.2,0.25,0.25,0.0,384
ADM3_TejgaonIndArea,1.0,1.0,0.28,0.31,0.0,376
ADM3_Teknaf,1.0,1.6,0.68,0.78,1.0,459
ADM3_Tentulia,1.2,1.2,0.53,0.57,0.8,465
ADM3_Terokhada,2.6,2.2,0.61,0.77,1.0,471
ADM3_ThakurgaonSadar,1.6,2.0,0.51,0.57,0.8,444
ADM3_Thanchi,1.0,1.4,0.75,0.77,1.0,484
ADM3_Titas,2.0,1.8,0.65,0.7,1.0,460
ADM3_Tongibari,2.0,2.0,0.8,0.78,1.0,445
ADM3_Trishal,2.2,2.0,0.68,0.71,1.0,436
ADM3_TungiPara,2.2,2.0,0.79,0.75,1.0,451
ADM3_Turag,1.6,1.2,0.58,0.31,0.0,381
ADM3_Ukhia,1.2,1.0,0.7,0.72,1.0,445
ADM3_Ulipur,1.6,2.0,0.53,0.68,1.0,489
ADM3_UllahPara,2.6,2.8,0.61,0.64,1.0,441
ADM3_UttarKhan,1.6,1.0,0.51,0.5,0.4,421
ADM3_Uttara,0.8,0.2,0.25,0.21,0.0,390
ADM3_Wazirpur,2.2,2.2,0.78,0.78,1.0,435
ADM3_Zakiganj,2.4,1.8,0.66,0.56,0.8,489
ADM3_Zanjira,2.2,2.0,0.48,0.67,1.0,457
ADM3_Zianagar,2.0,1.8,0.49,0.51,0.8,446
