district,trendMmPerYear,period,areaHa,boroHa,boroYear,boroShareOfArea,applies,boroNetIrrigationMm,lentilNetIrrigationMm,mustardNetIrrigationMm,fallM3PerYear,boroPumpedM3PerYear,fallShareOfBoroPumping,moveHaToLentil,moveShareToLentil,moveHaToMustard,moveShareToMustard
Bagerhat,-1.7,2003-07 to 2021-25,375676,60672,2024-25,0.162,False,735,223,132,6386491,445939200,0.014,1247,0.021,1059,0.017
Bandarban,-2.1,2003-07 to 2021-25,413232,5955,2024-25,0.014,False,611,173,100,8677865,36385050,0.239,1981,0.333,1698,0.285
Barguna,-0.5,2003-07 to 2021-25,134983,9439,2024-25,0.07,False,752,235,140,674914,70981280,0.01,131,0.014,110,0.012
Barisal,-1.9,2003-07 to 2021-25,222345,57371,2024-25,0.258,False,708,213,128,4224553,406186680,0.01,853,0.015,728,0.013
Bhola,-0.6,2003-07 to 2021-25,194592,45611,2024-25,0.234,False,743,222,134,1167553,338889730,0.003,224,0.005,192,0.004
Bogra,-6.0,2003-07 to 2021-25,291953,186987,2024-25,0.64,True,729,191,111,17517173,1363135230,0.013,3256,0.017,2834,0.015
Brahamanbaria,-4.5,2003-07 to 2021-25,192709,111243,2024-25,0.577,True,522,204,124,8671892,580688460,0.015,2727,0.025,2179,0.02
Chandpur,-3.4,2003-07 to 2021-25,147185,62304,2024-25,0.423,False,653,216,130,5004298,406845120,0.012,1145,0.018,957,0.015
Chittagong,-0.8,2003-07 to 2021-25,446159,65429,2024-25,0.147,False,687,217,130,3569275,449497230,0.008,759,0.012,641,0.01
Chuadanga,-4.5,2003-07 to 2021-25,116797,36387,2024-25,0.312,True,795,197,115,5255866,289276650,0.018,879,0.024,773,0.021
Comilla,-4.7,2003-07 to 2021-25,309505,156654,2024-25,0.506,True,604,202,122,14546714,946190160,0.015,3619,0.023,3018,0.019
Cox's Bazar,-1.6,2003-07 to 2021-25,265314,52179,2024-25,0.197,False,801,295,188,4245027,417953790,0.01,839,0.016,693,0.013
Dhaka,-2.6,2003-07 to 2021-25,147902,41896,2024-25,0.283,False,663,210,121,3845443,277770480,0.014,849,0.02,709,0.017
Dinajpur,-5.7,2003-07 to 2021-25,346685,171959,2024-25,0.496,True,717,187,100,19761031,1232946030,0.016,3728,0.022,3203,0.019
Faridpur,-5.5,2003-07 to 2021-25,204955,23269,2024-25,0.114,True,753,215,125,11272501,175215570,0.064,2095,0.09,1795,0.077
Feni,-4.8,2003-07 to 2021-25,90864,31021,2024-25,0.341,True,604,216,132,4361469,187366840,0.023,1124,0.036,924,0.03
Gaibandha,-7.0,2003-07 to 2021-25,217082,127321,2024-25,0.587,True,667,200,116,15195752,849231070,0.018,3254,0.026,2758,0.022
Gazipur,-2.4,2003-07 to 2021-25,182134,57246,2024-25,0.314,False,605,213,123,4371208,346338300,0.013,1115,0.019,907,0.016
Gopalganj,-3.0,2003-07 to 2021-25,147894,83263,2024-25,0.563,False,725,204,120,4436826,603656750,0.007,852,0.01,733,0.009
Habiganj,-2.8,2003-07 to 2021-25,258844,119788,2024-25,0.463,False,380,182,109,7247623,455194400,0.016,3660,0.031,2674,0.022
Jamalpur,-4.8,2003-07 to 2021-25,207027,127361,2024-25,0.615,True,635,183,106,9937314,808742350,0.012,2199,0.017,1879,0.015
Jessore,-4.2,2003-07 to 2021-25,259043,156060,2024-25,0.602,True,782,211,127,10879795,1220389200,0.009,1905,0.012,1661,0.011
Jhalokati,-0.3,2003-07 to 2021-25,74071,11629,2024-25,0.157,False,721,214,131,222213,83845090,0.003,44,0.004,38,0.003
Jhenaidah,-4.4,2003-07 to 2021-25,196120,90244,2024-25,0.46,True,787,201,119,8629265,710220280,0.012,1473,0.016,1292,0.014
Joypurhat,-6.8,2003-07 to 2021-25,96175,68753,2024-25,0.715,True,724,195,113,6539913,497771720,0.013,1236,0.018,1070,0.016
Khagrachhari,-3.0,2003-07 to 2021-25,286220,10872,2024-25,0.038,False,491,155,95,8586604,53381520,0.161,2556,0.235,2168,0.199
Khulna,-1.5,2003-07 to 2021-25,363416,60376,2024-25,0.166,False,718,220,132,5451235,433499680,0.013,1095,0.018,930,0.015
Kishoreganj,-2.8,2003-07 to 2021-25,256999,163832,2024-25,0.637,False,427,176,101,7195961,699562640,0.01,2867,0.017,2207,0.013
Kurigram,-4.5,2003-07 to 2021-25,227973,115924,2024-25,0.508,True,552,165,90,10258768,639900480,0.016,2651,0.023,2221,0.019
Kushtia,-5.7,2003-07 to 2021-25,161909,34581,2024-25,0.214,True,829,214,121,9228809,286676490,0.032,1501,0.043,1304,0.038
Lakshmipur,-1.1,2003-07 to 2021-25,124605,36787,2024-25,0.295,False,663,222,135,1370651,243897810,0.006,311,0.008,260,0.007
Lalmonirhat,-6.0,2003-07 to 2021-25,127716,47236,2024-25,0.37,True,602,168,94,7662970,284360720,0.027,1766,0.037,1508,0.032
Madaripur,-3.8,2003-07 to 2021-25,113798,32391,2024-25,0.285,False,699,204,119,4324341,226413090,0.019,874,0.027,746,0.023
Magura,-4.8,2003-07 to 2021-25,105089,36869,2024-25,0.351,True,758,217,129,5044255,279467020,0.018,932,0.025,802,0.022
Manikganj,-4.9,2003-07 to 2021-25,137727,47887,2024-25,0.348,True,726,210,120,6748630,347659620,0.019,1308,0.027,1114,0.023
Maulvibazar,-2.5,2003-07 to 2021-25,268486,58651,2024-25,0.218,False,227,164,100,6712147,133137770,0.05,10654,0.182,5285,0.09
Meherpur,-4.5,2003-07 to 2021-25,72356,18252,2024-25,0.252,True,804,204,121,3256041,146746080,0.022,543,0.03,477,0.026
Munshiganj,-4.0,2003-07 to 2021-25,93475,23613,2024-25,0.253,True,676,197,113,3739015,159623880,0.023,781,0.033,664,0.028
Mymensingh,-3.8,2003-07 to 2021-25,435770,255203,2024-25,0.586,False,531,183,103,16559265,1355127930,0.012,4758,0.019,3869,0.015
Naogaon,-9.1,2003-07 to 2021-25,345113,191246,2024-25,0.554,True,769,199,109,31405259,1470681740,0.021,5510,0.029,4758,0.025
Narail,-3.1,2003-07 to 2021-25,99826,50854,2024-25,0.509,False,776,220,129,3094615,394627040,0.008,557,0.011,478,0.009
Narayanganj,-2.9,2003-07 to 2021-25,70590,19592,2024-25,0.278,False,638,199,113,2047121,124996960,0.016,466,0.024,390,0.02
Narsingdi,-3.1,2003-07 to 2021-25,116988,53877,2024-25,0.461,False,570,211,122,3626640,307098900,0.012,1010,0.019,810,0.015
Natore,-7.2,2003-07 to 2021-25,190851,58720,2024-25,0.308,True,771,194,109,13741252,452731200,0.03,2381,0.041,2076,0.035
Nawabganj,-8.9,2003-07 to 2021-25,168921,46383,2024-25,0.275,True,817,204,115,15033934,378949110,0.04,2453,0.053,2142,0.046
Netrakona,-2.1,2003-07 to 2021-25,281050,183603,2024-25,0.653,False,448,178,104,5902040,822541440,0.007,2186,0.012,1716,0.009
Nilphamari,-6.2,2003-07 to 2021-25,159142,81822,2024-25,0.514,True,646,176,93,9866778,528570120,0.019,2099,0.026,1784,0.022
Noakhali,-1.6,2003-07 to 2021-25,268252,75631,2024-25,0.282,False,683,224,137,4292025,516559730,0.008,935,0.012,786,0.01
Pabna,-6.9,2003-07 to 2021-25,239421,56128,2024-25,0.234,True,750,193,110,16520038,420960000,0.039,2966,0.053,2581,0.046
Panchagarh,-5.7,2003-07 to 2021-25,136506,33863,2024-25,0.248,True,643,163,88,7780815,217739090,0.036,1621,0.048,1402,0.041
Patuakhali,-0.1,2003-07 to 2021-25,261903,15060,2024-25,0.058,False,758,233,139,261903,114154800,0.002,50,0.003,42,0.003
Pirojpur,-1.7,2003-07 to 2021-25,117195,25815,2024-25,0.22,False,740,229,136,1992315,191031000,0.01,390,0.015,330,0.013
Rajbari,-6.4,2003-07 to 2021-25,114204,14281,2024-25,0.125,True,764,217,128,7309079,109106840,0.067,1336,0.094,1149,0.08
Rajshahi,-7.7,2003-07 to 2021-25,244331,67292,2024-25,0.275,True,790,199,114,18813493,531606800,0.035,3183,0.047,2783,0.041
Rangamati,-1.5,2003-07 to 2021-25,577772,7437,2024-25,0.013,False,545,178,108,8666573,40531650,0.214,2361,0.318,1983,0.267
Rangpur,-4.8,2003-07 to 2021-25,234877,132482,2024-25,0.564,True,647,186,105,11274117,857158540,0.013,2446,0.018,2080,0.016
Satkhira,-1.3,2003-07 to 2021-25,339966,78654,2024-25,0.231,False,722,194,119,4419564,567881880,0.008,837,0.011,733,0.009
Shariatpur,-3.5,2003-07 to 2021-25,118831,23759,2024-25,0.2,False,669,201,119,4159074,158947710,0.026,889,0.037,756,0.032
Sherpur,-3.1,2003-07 to 2021-25,132811,90409,2024-25,0.681,False,596,187,111,4117130,538837640,0.008,1007,0.011,849,0.009
Sirajganj,-6.3,2003-07 to 2021-25,250026,140897,2024-25,0.564,True,721,213,121,15751620,1015867370,0.016,3101,0.022,2625,0.019
Sunamganj,-2.1,2003-07 to 2021-25,370205,218077,2024-25,0.589,False,259,166,98,7774296,564819430,0.014,8359,0.038,4829,0.022
Sylhet,-1.7,2003-07 to 2021-25,342535,85478,2024-25,0.25,False,242,160,100,5823092,206856760,0.028,7101,0.083,4101,0.048
Tangail,-6.1,2003-07 to 2021-25,337335,173329,2024-25,0.514,True,679,198,115,20577426,1176903910,0.017,4278,0.025,3648,0.021
Thakurgaon,-7.8,2003-07 to 2021-25,181712,61828,2024-25,0.34,True,791,183,91,14173538,489059480,0.029,2331,0.038,2025,0.033
