upazila,rice_low,rice_high,rice_fumigant_low,rice_fumigant_high,wheat_low,wheat_high,wheat_fumigant_low,wheat_fumigant_high,maize_low,maize_high,maize_fumigant_low,maize_fumigant_high,soybean_low,soybean_high,soybean_fumigant_low,soybean_fumigant_high,vegfruit_low,vegfruit_high,vegfruit_fumigant_low,vegfruit_fumigant_high,other_low,other_high,other_fumigant_low,other_fumigant_high,cotton_low,cotton_high,cotton_fumigant_low,cotton_fumigant_high
ADM3_Abhaynagar,0.351,0.778,0.0,0.0,0.125,0.181,0.0,0.0,,,,,,,,,1.15,1.456,7.474,9.532,0.123,0.188,0.096,0.112,,,,
ADM3_Adabor,0.606,1.043,0.0,0.0,0.126,0.182,0.0,0.0,,,,,,,,,1.13,1.438,7.027,9.113,0.131,0.194,0.105,0.125,,,,
ADM3_Adamdighi,0.339,0.785,0.0,0.0,0.117,0.174,0.0,0.0,,,,,,,,,0.924,1.228,5.687,7.886,0.129,0.195,0.071,0.086,,,,
ADM3_Aditmari,0.222,0.477,0.0,0.0,0.065,0.097,0.0,0.0,,,,,,,,,0.439,0.612,2.709,4.025,0.072,0.11,0.033,0.042,,,,
ADM3_Agailjhara,0.424,0.8,0.0,0.0,0.123,0.179,0.0,0.0,,,,,,,,,1.103,1.389,7.088,9.144,0.128,0.192,0.095,0.111,,,,
ADM3_Ajmiriganj,,,,,,,,,,,,,,,,,,,,,,,,,,,,
ADM3_Akhaura,0.398,0.837,0.0,0.0,0.12,0.177,0.0,0.0,,,,,,,,,1.014,1.318,6.397,8.455,0.128,0.192,0.088,0.105,,,,
ADM3_Akkelpur,0.339,0.806,0.0,0.0,0.116,0.173,0.0,0.0,,,,,,,,,0.894,1.197,5.485,7.725,0.132,0.197,0.067,0.082,,,,
ADM3_Alamdanga,0.309,0.743,0.0,0.0,0.115,0.172,0.0,0.0,,,,,,,,,1.12,1.434,6.995,9.112,0.119,0.184,0.086,0.102,,,,
ADM3_Alfadanga,0.436,0.889,0.0,0.0,0.123,0.18,0.0,0.0,,,,,,,,,1.187,1.505,7.539,9.659,0.122,0.186,0.097,0.114,,,,
ADM3_Alikadam,1.294,1.67,0.0,0.0,0.138,0.191,0.0,0.0,,,,,,,,,1.042,1.321,7.404,9.368,0.138,0.202,0.108,0.124,0.298,0.366,0.007,0.013
ADM3_Amtali,0.356,0.691,0.0,0.0,0.132,0.188,0.0,0.0,,,,,,,,,1.228,1.515,8.477,10.597,0.13,0.195,0.111,0.127,,,,
ADM3_Anowara,,,,,,,,,,,,,,,,,,,,,,,,,,,,
ADM3_Araihazar,0.55,0.988,0.0,0.0,0.122,0.179,0.0,0.0,,,,,,,,,1.112,1.417,6.8,8.83,0.126,0.189,0.094,0.112,,,,
ADM3_Ashuganj,,,,,,,,,,,,,,,,,,,,,,,,,,,,
ADM3_Assasuni,0.434,0.826,0.0,0.0,0.129,0.186,0.0,0.0,,,,,,,,,1.257,1.574,8.277,10.342,0.11,0.169,0.104,0.122,,,,
ADM3_Atgharia,0.304,0.712,0.0,0.0,0.118,0.174,0.0,0.0,,,,,,,,,1.052,1.355,6.723,8.852,0.126,0.191,0.084,0.1,,,,
ADM3_Atpara,0.42,0.853,0.0,0.0,0.118,0.175,0.0,0.0,,,,,,,,,0.942,1.233,5.959,8.197,0.133,0.198,0.083,0.1,0.932,1.271,0.008,0.026
ADM3_Atrai,0.373,0.79,0.0,0.0,0.118,0.174,0.0,0.0,,,,,,,,,0.945,1.25,5.764,7.909,0.129,0.194,0.072,0.088,,,,
ADM3_Atwari,0.186,0.43,0.0,0.0,0.068,0.101,0.0,0.0,0.142,0.17,0.0,0.0,,,,,0.415,0.585,2.761,4.123,0.073,0.11,0.031,0.039,,,,
ADM3_Austagram,,,,,,,,,,,,,,,,,,,,,,,,,,,,
ADM3_Babuganj,0.397,0.793,0.0,0.0,0.12,0.177,0.0,0.0,,,,,,,,,1.097,1.382,7.112,9.321,0.13,0.195,0.095,0.111,,,,
ADM3_Badalgachhi,0.342,0.8,0.0,0.0,0.116,0.173,0.0,0.0,,,,,,,,,0.898,1.202,5.471,7.687,0.13,0.196,0.067,0.082,,,,
ADM3_Badarganj,0.373,0.862,0.0,0.0,0.114,0.168,0.0,0.0,,,,,,,,,0.782,1.089,4.831,7.247,0.127,0.194,0.058,0.073,,,,
ADM3_Badda,0.563,0.993,0.0,0.0,0.125,0.181,0.0,0.0,,,,,,,,,1.126,1.433,6.947,8.978,0.13,0.193,0.099,0.116,,,,
ADM3_BagatiPara,0.286,0.717,0.0,0.0,0.117,0.173,0.0,0.0,,,,,,,,,1.015,1.33,6.49,8.638,0.125,0.19,0.078,0.094,,,,
ADM3_BagerhatSadar,0.434,0.87,0.0,0.0,0.129,0.186,0.0,0.0,,,,,,,,,1.175,1.483,7.584,9.673,0.122,0.185,0.101,0.118,,,,
ADM3_Bagha,0.301,0.714,0.0,0.0,0.116,0.172,0.0,0.0,,,,,,,,,1.03,1.34,6.529,8.674,0.123,0.188,0.08,0.095,,,,
ADM3_BaghaiChhari,1.193,1.598,0.0,0.0,0.136,0.189,0.0,0.0,0.916,1.106,0.0,0.0,,,,,0.934,1.219,6.63,8.746,0.127,0.193,0.086,0.102,,,,
ADM3_BagherPara,0.364,0.768,0.0,0.0,0.123,0.179,0.0,0.0,,,,,,,,,1.138,1.44,7.302,9.395,0.127,0.192,0.095,0.11,,,,
ADM3_Baghmara,0.34,0.763,0.0,0.0,0.117,0.173,0.0,0.0,,,,,,,,,0.965,1.27,5.908,8.045,0.127,0.192,0.073,0.089,,,,
ADM3_Bahubal,0.378,0.751,0.0,0.0,0.122,0.179,0.0,0.0,,,,,,,,,1.016,1.308,6.865,8.995,0.119,0.183,0.089,0.105,,,,
ADM3_Bajitpur,0.54,0.977,0.0,0.0,0.119,0.176,0.0,0.0,,,,,,,,,1.053,1.35,6.366,8.496,0.13,0.194,0.09,0.107,,,,
ADM3_Bakalia,,,,,,,,,,,,,,,,,,,,,,,,,,,,
ADM3_Bakerganj,0.456,0.845,0.0,0.0,0.119,0.175,0.0,0.0,,,,,,,,,1.123,1.413,7.085,9.295,0.129,0.193,0.098,0.114,,,,
ADM3_Bakshiganj,0.334,0.751,0.0,0.0,0.12,0.176,0.0,0.0,1.014,1.208,0.0,0.0,,,,,0.85,1.144,5.542,7.67,0.131,0.195,0.067,0.082,0.823,1.159,0.009,0.027
ADM3_Balaganj,0.384,0.744,0.0,0.0,0.132,0.187,0.0,0.0,,,,,,,,,0.965,1.251,6.758,8.969,0.136,0.201,0.092,0.107,,,,
ADM3_BaliaKandi,0.298,0.718,0.0,0.0,0.119,0.175,0.0,0.0,,,,,,,,,1.139,1.46,7.375,9.469,0.12,0.185,0.091,0.108,,,,
ADM3_Baliadangi,0.252,0.555,0.0,0.0,0.087,0.127,0.0,0.0,,,,,,,,,0.532,0.756,3.567,5.29,0.09,0.137,0.038,0.049,,,,
ADM3_Bamna,0.397,0.785,0.0,0.0,0.133,0.189,0.0,0.0,,,,,,,,,1.212,1.496,8.309,10.481,0.132,0.197,0.112,0.127,,,,
ADM3_BanariPara,0.404,0.78,0.0,0.0,0.125,0.181,0.0,0.0,,,,,,,,,1.106,1.392,7.23,9.28,0.126,0.19,0.097,0.112,,,,
ADM3_Banchharampur,0.519,0.965,0.0,0.0,0.121,0.178,0.0,0.0,,,,,,,,,1.109,1.413,6.84,8.897,0.124,0.187,0.093,0.111,,,,
ADM3_Bandar,0.559,0.97,0.0,0.0,0.123,0.18,0.0,0.0,,,,,,,,,1.147,1.452,7.032,9.038,0.128,0.191,0.099,0.117,,,,
ADM3_BandarbanSadar,1.244,1.67,0.0,0.0,0.133,0.188,0.0,0.0,,,,,,,,,1.16,1.457,7.788,9.866,0.138,0.202,0.113,0.129,,,,
ADM3_Bangshal,0.606,1.043,0.0,0.0,0.126,0.182,0.0,0.0,,,,,,,,,1.13,1.438,7.027,9.113,0.131,0.194,0.105,0.125,,,,
ADM3_Baniachong,0.382,0.745,0.0,0.0,0.123,0.179,0.0,0.0,,,,,,,,,1.012,1.298,6.676,8.758,0.13,0.192,0.094,0.109,,,,
ADM3_Banshkhali,,,,,,,,,,,,,,,,,,,,,,,,,,,,
ADM3_Baraigram,0.318,0.74,0.0,0.0,0.118,0.174,0.0,0.0,,,,,,,,,1.024,1.333,6.507,8.653,0.126,0.191,0.08,0.096,,,,
ADM3_BargunaSadar,0.336,0.705,0.0,0.0,0.136,0.193,0.0,0.0,,,,,,,,,1.198,1.492,8.233,10.379,0.117,0.181,0.108,0.123,,,,
ADM3_Barhatta,0.456,0.88,0.0,0.0,0.116,0.172,0.0,0.0,,,,,,,,,0.895,1.179,5.525,7.781,0.134,0.2,0.078,0.094,0.887,1.218,0.008,0.026
ADM3_BarisalSadarKotwali,0.49,0.903,0.0,0.0,0.118,0.172,0.0,0.0,,,,,,,,,1.118,1.411,6.94,9.149,0.129,0.193,0.099,0.115,,,,
ADM3_Barkal,1.069,1.47,0.0,0.0,0.141,0.197,0.0,0.0,,,,,,,,,0.978,1.263,6.922,8.944,0.126,0.193,0.092,0.106,,,,
ADM3_Barlekha,0.426,0.816,0.0,0.0,0.134,0.19,0.0,0.0,,,,,,,,,0.95,1.236,6.683,8.892,0.135,0.201,0.091,0.106,,,,
ADM3_Barura,0.564,1.05,0.0,0.0,0.12,0.176,0.0,0.0,,,,,,,,,1.125,1.426,6.781,8.893,0.128,0.191,0.097,0.114,,,,
ADM3_Basail,0.428,0.877,0.0,0.0,0.12,0.177,0.0,0.0,,,,,,,,,1.018,1.332,6.32,8.364,0.128,0.193,0.083,0.101,,,,
ADM3_Batiaghata,0.416,0.77,0.0,0.0,0.13,0.186,0.0,0.0,,,,,,,,,1.231,1.539,8.107,10.176,0.117,0.179,0.103,0.12,,,,
ADM3_Bauphal,0.343,0.678,0.0,0.0,0.111,0.164,0.0,0.0,,,,,,,,,1.131,1.424,6.623,8.826,0.116,0.179,0.096,0.109,,,,
ADM3_BayejidBostami,,,,,,,,,,,,,,,,,,,,,,,,,,,,
ADM3_BeaniBazar,0.392,0.742,0.0,0.0,0.124,0.18,0.0,0.0,,,,,,,,,0.912,1.197,6.26,8.433,0.131,0.195,0.086,0.103,,,,
ADM3_Begumganj,0.357,0.733,0.0,0.0,0.114,0.171,0.0,0.0,,,,,,,,,1.081,1.381,6.467,8.513,0.122,0.184,0.095,0.11,,,,
ADM3_Belabo,0.417,0.881,0.0,0.0,0.12,0.177,0.0,0.0,,,,,,,,,1.034,1.337,6.618,8.796,0.127,0.192,0.088,0.106,,,,
ADM3_BelaiChhari,1.326,1.716,0.0,0.0,0.14,0.195,0.0,0.0,,,,,,,,,1.07,1.366,7.612,9.637,0.134,0.202,0.1,0.116,,,,
ADM3_Belkuchi,0.559,1.004,0.0,0.0,0.12,0.176,0.0,0.0,,,,,,,,,1.069,1.386,6.357,8.414,0.127,0.19,0.088,0.105,,,,
ADM3_Bera,0.311,0.715,0.0,0.0,0.119,0.175,0.0,0.0,,,,,,,,,1.074,1.385,6.955,9.057,0.125,0.19,0.086,0.102,,,,
ADM3_Betagi,0.374,0.753,0.0,0.0,0.132,0.188,0.0,0.0,,,,,,,,,1.155,1.44,7.909,10.029,0.131,0.196,0.105,0.121,,,,
ADM3_Bhairab,0.604,1.054,0.0,0.0,0.119,0.176,0.0,0.0,,,,,,,,,1.087,1.388,6.506,8.666,0.128,0.191,0.093,0.11,,,,
ADM3_Bhaluka,0.425,0.884,0.0,0.0,0.12,0.177,0.0,0.0,,,,,,,,,1.01,1.319,6.335,8.467,0.129,0.193,0.083,0.099,,,,
ADM3_Bhandaria,0.334,0.744,0.0,0.0,0.13,0.187,0.0,0.0,,,,,,,,,1.135,1.422,7.692,9.945,0.125,0.191,0.101,0.116,,,,
ADM3_Bhanga,0.396,0.801,0.0,0.0,0.122,0.179,0.0,0.0,,,,,,,,,1.155,1.468,7.419,9.506,0.124,0.188,0.096,0.113,,,,
ADM3_Bhangura,0.377,0.813,0.0,0.0,0.118,0.174,0.0,0.0,,,,,,,,,1.03,1.342,6.371,8.49,0.125,0.19,0.083,0.1,,,,
ADM3_Bhedarganj,0.368,0.696,0.0,0.0,0.124,0.18,0.0,0.0,,,,,,,,,1.069,1.354,7.37,9.492,0.129,0.191,0.098,0.115,,,,
ADM3_Bheramara,0.324,0.749,0.0,0.0,0.116,0.172,0.0,0.0,,,,,,,,,1.078,1.392,6.808,8.963,0.123,0.188,0.083,0.099,,,,
ADM3_BholaSadar,0.588,0.964,0.0,0.0,0.118,0.171,0.0,0.0,,,,,,,,,1.168,1.472,7.39,9.605,0.125,0.187,0.101,0.118,,,,
ADM3_Bholahat,0.26,0.699,0.0,0.0,0.118,0.175,0.0,0.0,0.964,1.158,0.0,0.0,,,,,0.893,1.223,5.717,7.932,0.121,0.186,0.063,0.079,1.017,1.37,0.017,0.041
ADM3_Bhuapur,0.456,0.911,0.0,0.0,0.12,0.177,0.0,0.0,,,,,,,,,1.028,1.345,6.341,8.411,0.126,0.19,0.082,0.099,,,,
ADM3_Bhurungamari,0.328,0.788,0.0,0.0,0.115,0.172,0.0,0.0,,,,,,,,,0.746,1.051,4.784,7.189,0.124,0.19,0.055,0.071,,,,
ADM3_Bijoynagar,0.527,0.983,0.0,0.0,0.121,0.178,0.0,0.0,,,,,,,,,1.066,1.37,6.548,8.63,0.125,0.187,0.092,0.109,,,,
ADM3_BimanBandar,0.622,1.068,0.0,0.0,0.124,0.181,0.0,0.0,,,,,,,,,1.142,1.45,6.894,8.946,0.131,0.195,0.1,0.118,,,,
ADM3_Biral,0.306,0.694,0.0,0.0,0.094,0.141,0.0,0.0,,,,,,,,,0.64,0.899,3.898,5.827,0.104,0.158,0.045,0.058,,,,
ADM3_Birampur,0.382,0.913,0.0,0.0,0.112,0.167,0.0,0.0,,,,,,,,,0.859,1.189,5.175,7.523,0.12,0.185,0.06,0.078,0.943,1.302,0.015,0.041
ADM3_Birganj,0.38,0.838,0.0,0.0,0.116,0.173,0.0,0.0,,,,,,,,,0.741,1.046,4.732,7.134,0.13,0.197,0.055,0.07,,,,
ADM3_Bishwambarpur,0.438,0.759,0.0,0.0,0.121,0.177,0.0,0.0,0.149,0.177,0.0,0.0,,,,,0.674,0.902,4.461,6.216,0.106,0.158,0.063,0.076,,,,
ADM3_Bishwanath,0.416,0.774,0.0,0.0,0.125,0.181,0.0,0.0,,,,,,,,,0.933,1.217,6.337,8.539,0.136,0.201,0.089,0.104,,,,
ADM3_Boalia,0.542,1.006,0.0,0.0,0.114,0.171,0.0,0.0,,,,,,,,,1.087,1.41,6.258,8.373,0.122,0.185,0.082,0.099,,,,
ADM3_Boalkhali,0.568,0.921,0.0,0.0,0.127,0.182,0.0,0.0,,,,,,,,,1.166,1.447,7.91,9.945,0.137,0.202,0.112,0.128,,,,
ADM3_Boalmari,0.303,0.715,0.0,0.0,0.122,0.179,0.0,0.0,,,,,,,,,1.141,1.451,7.523,9.651,0.124,0.189,0.093,0.11,,,,
ADM3_Bochaganj,0.542,1.041,0.0,0.0,0.115,0.172,0.0,0.0,,,,,,,,,0.832,1.158,4.741,7.031,0.123,0.187,0.058,0.074,,,,
ADM3_Boda,0.393,0.821,0.0,0.0,0.118,0.175,0.0,0.0,,,,,,,,,0.736,1.034,4.797,7.2,0.13,0.196,0.055,0.07,,,,
ADM3_BograSadar,0.385,0.853,0.0,0.0,0.116,0.173,0.0,0.0,,,,,,,,,0.93,1.239,5.667,7.828,0.13,0.195,0.073,0.089,,,,
ADM3_BrahmanPara,0.389,0.837,0.0,0.0,0.119,0.176,0.0,0.0,,,,,,,,,1.012,1.314,6.468,8.52,0.129,0.194,0.088,0.104,,,,
ADM3_BrahmanbariaSadar,0.579,1.044,0.0,0.0,0.118,0.175,0.0,0.0,,,,,,,,,1.103,1.405,6.426,8.497,0.125,0.187,0.094,0.112,,,,
ADM3_Burhanuddin,0.301,0.579,0.0,0.0,0.11,0.163,0.0,0.0,,,,,,,,,1.16,1.456,6.96,9.172,0.107,0.167,0.096,0.109,,,,
ADM3_Burichang,0.387,0.883,0.0,0.0,0.119,0.176,0.0,0.0,,,,,,,,,1.037,1.339,6.609,8.691,0.129,0.194,0.09,0.107,,,,
ADM3_Cantonment,0.622,1.068,0.0,0.0,0.124,0.181,0.0,0.0,,,,,,,,,1.142,1.45,6.894,8.946,0.131,0.195,0.1,0.118,,,,
ADM3_ChakBazar,0.606,1.043,0.0,0.0,0.126,0.182,0.0,0.0,,,,,,,,,1.13,1.438,7.027,9.113,0.131,0.194,0.105,0.125,,,,
ADM3_Chakaria,0.74,1.123,0.0,0.0,0.149,0.204,0.0,0.0,,,,,,,,,1.192,1.484,8.416,10.465,0.14,0.203,0.125,0.141,,,,
ADM3_Chandanaish,0.792,1.2,0.0,0.0,0.127,0.182,0.0,0.0,,,,,,,,,1.206,1.502,7.892,9.919,0.136,0.2,0.115,0.132,,,,
ADM3_Chandgaon,0.426,0.779,0.0,0.0,0.127,0.182,0.0,0.0,,,,,,,,,1.176,1.457,7.961,9.995,0.14,0.205,0.117,0.132,,,,
ADM3_Chandina,0.571,1.024,0.0,0.0,0.119,0.176,0.0,0.0,,,,,,,,,1.108,1.409,6.637,8.699,0.129,0.193,0.096,0.113,,,,
ADM3_ChandpurSadar,,,,,,,,,,,,,,,,,,,,,,,,,,,,
ADM3_CharBhadrasan,0.376,0.774,0.0,0.0,0.121,0.178,0.0,0.0,,,,,,,,,1.134,1.452,7.256,9.365,0.121,0.185,0.093,0.11,,,,
ADM3_CharFasson,0.363,0.676,0.0,0.0,0.129,0.183,0.0,0.0,,,,,,,,,1.196,1.497,7.194,9.312,0.117,0.176,0.106,0.12,,,,
ADM3_CharRajibpur,0.363,0.743,0.0,0.0,0.118,0.175,0.0,0.0,,,,,,,,,0.826,1.122,5.438,7.555,0.129,0.194,0.064,0.079,,,,
ADM3_Charghat,0.441,0.871,0.0,0.0,0.115,0.171,0.0,0.0,,,,,,,,,1.067,1.392,6.481,8.649,0.121,0.185,0.081,0.098,1.182,1.526,0.021,0.048
ADM3_Chatkhil,0.434,0.811,0.0,0.0,0.121,0.176,0.0,0.0,,,,,,,,,1.074,1.354,6.998,9.076,0.136,0.199,0.101,0.117,,,,
ADM3_Chatmohar,0.308,0.723,0.0,0.0,0.118,0.174,0.0,0.0,,,,,,,,,1.036,1.34,6.595,8.724,0.127,0.192,0.082,0.097,,,,
ADM3_Chauddagram,0.446,0.929,0.0,0.0,0.117,0.174,0.0,0.0,,,,,,,,,1.085,1.387,6.706,8.828,0.126,0.19,0.093,0.11,,,,
ADM3_Chaugachha,0.365,0.825,0.0,0.0,0.12,0.177,0.0,0.0,,,,,,,,,1.146,1.467,7.231,9.317,0.121,0.186,0.093,0.11,,,,
ADM3_Chauhali,0.348,0.771,0.0,0.0,0.12,0.176,0.0,0.0,,,,,,,,,1.046,1.365,6.72,8.785,0.125,0.19,0.086,0.102,,,,
ADM3_Chhagalnaiya,0.472,0.88,0.0,0.0,0.121,0.177,0.0,0.0,,,,,,,,,1.092,1.374,7.17,9.262,0.138,0.203,0.102,0.118,,,,
ADM3_Chhatak,0.456,0.834,0.0,0.0,0.12,0.176,0.0,0.0,,,,,,,,,0.916,1.202,5.954,8.134,0.135,0.199,0.088,0.103,,,,
ADM3_Chilmari,0.352,0.797,0.0,0.0,0.116,0.173,0.0,0.0,,,,,,,,,0.798,1.097,5.043,7.214,0.124,0.189,0.061,0.076,,,,
ADM3_Chirirbandar,0.375,0.849,0.0,0.0,0.113,0.169,0.0,0.0,,,,,,,,,0.77,1.074,4.737,7.146,0.128,0.195,0.056,0.071,,,,
ADM3_Chitalmari,0.33,0.737,0.0,0.0,0.128,0.185,0.0,0.0,,,,,,,,,1.151,1.459,7.726,9.807,0.12,0.183,0.099,0.116,,,,
ADM3_ChittagongPort,,,,,,,,,,,,,,,,,,,,,,,,,,,,
ADM3_ChuadangaSadar,0.32,0.74,0.0,0.0,0.116,0.172,0.0,0.0,,,,,,,,,1.121,1.426,6.988,9.085,0.121,0.186,0.089,0.104,,,,
ADM3_Chunarughat,0.399,0.771,0.0,0.0,0.127,0.184,0.0,0.0,,,,,,,,,0.996,1.286,6.956,9.109,0.127,0.192,0.087,0.102,,,,
ADM3_ComillaAdarshaSadar,0.595,1.1,0.0,0.0,0.118,0.175,0.0,0.0,,,,,,,,,1.105,1.409,6.561,8.644,0.129,0.192,0.095,0.113,,,,
ADM3_ComillaSadarDakshin,0.369,0.846,0.0,0.0,0.12,0.176,0.0,0.0,,,,,,,,,1.042,1.334,6.752,8.849,0.131,0.196,0.092,0.108,,,,
ADM3_Companiganj_185666,0.472,0.783,0.0,0.0,,,,,,,,,,,,,0.712,0.944,4.831,6.627,0.111,0.164,0.068,0.081,,,,
ADM3_Companiganj_539746,0.402,0.714,0.0,0.0,0.118,0.17,0.0,0.0,,,,,,,,,1.116,1.4,7.384,9.4,0.134,0.199,0.101,0.117,,,,
ADM3_CoxsBazarSadar,,,,,,,,,,,,,,,,,,,,,,,,,,,,
ADM3_Dacope,0.344,0.728,0.0,0.0,0.132,0.189,0.0,0.0,,,,,,,,,1.201,1.507,8.017,10.109,0.119,0.182,0.104,0.12,,,,
ADM3_Daganbhuiyan,0.495,0.887,0.0,0.0,0.117,0.173,0.0,0.0,,,,,,,,,1.125,1.421,6.717,8.738,0.126,0.19,0.099,0.116,,,,
ADM3_DakshinSunamganj,0.414,0.781,0.0,0.0,0.121,0.177,0.0,0.0,,,,,,,,,0.919,1.206,6.08,8.317,0.134,0.198,0.088,0.104,,,,
ADM3_DakshinSurma,0.421,0.782,0.0,0.0,0.123,0.179,0.0,0.0,,,,,,,,,0.918,1.202,6.182,8.45,0.139,0.205,0.086,0.102,,,,
ADM3_Dakshinkhan,0.563,0.993,0.0,0.0,0.125,0.181,0.0,0.0,,,,,,,,,1.126,1.433,6.947,8.978,0.13,0.193,0.099,0.116,,,,
ADM3_Damudya,0.588,1.009,0.0,0.0,0.12,0.176,0.0,0.0,,,,,,,,,1.134,1.436,6.945,9.069,0.128,0.191,0.098,0.115,,,,
ADM3_Damurhuda,0.312,0.758,0.0,0.0,0.114,0.171,0.0,0.0,,,,,,,,,1.114,1.43,6.881,8.993,0.118,0.183,0.087,0.102,,,,
ADM3_DarusSalam,0.606,1.043,0.0,0.0,0.126,0.182,0.0,0.0,,,,,,,,,1.13,1.438,7.027,9.113,0.131,0.194,0.105,0.125,,,,
ADM3_Dashmina,0.338,0.64,0.0,0.0,0.109,0.162,0.0,0.0,,,,,,,,,1.142,1.437,6.47,8.613,0.113,0.174,0.096,0.109,,,,
ADM3_Daudkandi,0.567,0.959,0.0,0.0,0.122,0.179,0.0,0.0,,,,,,,,,1.134,1.435,6.984,9.022,0.128,0.191,0.099,0.117,,,,
ADM3_Daulatkhan,0.438,0.749,0.0,0.0,0.121,0.173,0.0,0.0,,,,,,,,,1.073,1.361,7.389,9.515,0.13,0.191,0.101,0.118,,,,
ADM3_Daulatpur_050002,0.446,0.901,0.0,0.0,0.126,0.183,0.0,0.0,,,,,,,,,1.17,1.482,7.431,9.533,0.125,0.189,0.102,0.119,,,,
ADM3_Daulatpur_326946,0.28,0.662,0.0,0.0,0.098,0.146,0.0,0.0,,,,,,,,,0.932,1.204,5.767,7.606,0.104,0.159,0.07,0.084,,,,
ADM3_Daulatpur_839920,0.686,1.152,0.0,0.0,0.122,0.179,0.0,0.0,,,,,,,,,1.137,1.463,6.855,9.024,0.122,0.184,0.094,0.111,,,,
ADM3_Debhata,0.223,0.414,0.0,0.0,0.057,0.083,0.0,0.0,,,,,,,,,0.481,0.604,3.087,3.88,0.043,0.067,0.04,0.047,0.193,0.241,0.002,0.005
ADM3_Debidwar,0.55,1.023,0.0,0.0,0.119,0.176,0.0,0.0,,,,,,,,,1.101,1.402,6.637,8.706,0.128,0.191,0.094,0.111,,,,
ADM3_Debiganj,0.391,0.869,0.0,0.0,0.116,0.174,0.0,0.0,,,,,,,,,0.732,1.043,4.766,7.206,0.13,0.198,0.055,0.071,,,,
ADM3_Delduar,0.384,0.802,0.0,0.0,0.121,0.178,0.0,0.0,,,,,,,,,1.033,1.339,6.567,8.632,0.129,0.193,0.085,0.101,,,,
ADM3_Demra,0.591,1.003,0.0,0.0,0.125,0.181,0.0,0.0,,,,,,,,,1.154,1.461,7.107,9.134,0.13,0.194,0.102,0.12,,,,
ADM3_Derai,0.398,0.726,0.0,0.0,0.119,0.171,0.0,0.0,,,,,,,,,0.958,1.244,6.204,8.317,0.134,0.194,0.093,0.109,0.957,1.292,0.01,0.028
ADM3_Dewanganj,0.406,0.825,0.0,0.0,0.119,0.175,0.0,0.0,,,,,,,,,0.865,1.171,5.547,7.672,0.125,0.189,0.068,0.084,,,,
ADM3_Dhamoirhat,0.232,0.595,0.0,0.0,0.09,0.135,0.0,0.0,,,,,,,,,0.68,0.923,4.292,6.095,0.101,0.153,0.049,0.061,0.121,0.17,0.001,0.004
ADM3_Dhamrai,0.429,0.852,0.0,0.0,0.122,0.178,0.0,0.0,,,,,,,,,1.036,1.341,6.485,8.546,0.131,0.195,0.088,0.104,,,,
ADM3_Dhanbari,0.403,0.835,0.0,0.0,0.12,0.177,0.0,0.0,,,,,,,,,0.932,1.229,5.822,7.921,0.133,0.198,0.075,0.09,,,,
ADM3_Dhanmondi,0.606,1.043,0.0,0.0,0.126,0.182,0.0,0.0,,,,,,,,,1.13,1.438,7.027,9.113,0.131,0.194,0.105,0.125,,,,
ADM3_Dharampasha,0.444,0.83,0.0,0.0,0.116,0.171,0.0,0.0,,,,,,,,,0.838,1.108,5.107,7.132,0.122,0.181,0.077,0.091,0.927,1.262,0.008,0.026
ADM3_Dhobaura,0.34,0.66,0.0,0.0,0.083,0.123,0.0,0.0,0.146,0.173,0.0,0.0,,,,,0.61,0.813,3.872,5.465,0.095,0.141,0.05,0.061,0.585,0.82,0.007,0.021
ADM3_Dhunat,0.359,0.801,0.0,0.0,0.118,0.174,0.0,0.0,,,,,,,,,0.938,1.238,5.874,7.957,0.13,0.195,0.075,0.091,,,,
ADM3_Dhupchanchia,0.343,0.802,0.0,0.0,0.116,0.173,0.0,0.0,,,,,,,,,0.911,1.214,5.573,7.787,0.13,0.195,0.069,0.085,,,,
ADM3_Dighalia,0.446,0.901,0.0,0.0,0.126,0.183,0.0,0.0,,,,,,,,,1.17,1.482,7.431,9.533,0.125,0.189,0.102,0.119,,,,
ADM3_Dighinala,0.804,1.144,0.0,0.0,0.112,0.157,0.0,0.0,,,,,,,,,0.778,1.016,5.555,7.301,0.109,0.164,0.072,0.085,,,,
ADM3_Dimla,0.268,0.576,0.0,0.0,0.082,0.123,0.0,0.0,,,,,,,,,0.52,0.729,3.331,5.028,0.094,0.141,0.04,0.05,,,,
ADM3_DinajpurSadar,0.317,0.717,0.0,0.0,0.101,0.152,0.0,0.0,,,,,,,,,0.591,0.829,3.62,5.426,0.094,0.143,0.042,0.053,0.37,0.539,0.005,0.014
ADM3_Dohar,0.596,1.021,0.0,0.0,0.124,0.18,0.0,0.0,,,,,,,,,1.136,1.447,7.027,9.083,0.126,0.188,0.101,0.121,,,,
ADM3_Domar,0.373,0.809,0.0,0.0,0.116,0.173,0.0,0.0,,,,,,,,,0.723,1.016,4.838,7.307,0.132,0.2,0.055,0.07,,,,
ADM3_DoubleMooring,,,,,,,,,,,,,,,,,,,,,,,,,,,,
ADM3_Dowarabazar,0.586,0.968,0.0,0.0,0.122,0.178,0.0,0.0,,,,,,,,,0.868,1.154,5.872,8.123,0.137,0.202,0.084,0.099,,,,
ADM3_Dumki,0.42,0.833,0.0,0.0,0.121,0.178,0.0,0.0,,,,,,,,,1.125,1.431,7.115,9.314,0.126,0.191,0.098,0.116,,,,
ADM3_Dumuria,0.44,0.849,0.0,0.0,0.127,0.184,0.0,0.0,,,,,,,,,1.201,1.512,7.634,9.703,0.12,0.182,0.1,0.117,,,,
ADM3_Durgapur_169588,0.334,0.631,0.0,0.0,0.076,0.113,0.0,0.0,0.144,0.172,0.0,0.0,,,,,0.567,0.758,3.62,5.106,0.087,0.13,0.048,0.058,0.566,0.786,0.009,0.021
ADM3_Durgapur_796536,0.35,0.795,0.0,0.0,0.115,0.172,0.0,0.0,,,,,,,,,1.03,1.349,6.304,8.431,0.122,0.187,0.076,0.093,0.946,1.281,0.003,0.02
ADM3_Fakirhat,0.386,0.751,0.0,0.0,0.129,0.185,0.0,0.0,,,,,,,,,1.19,1.49,7.868,9.949,0.121,0.185,0.102,0.118,,,,
ADM3_Faridganj,0.349,0.74,0.0,0.0,0.12,0.176,0.0,0.0,,,,,,,,,1.07,1.353,7.075,9.204,0.13,0.194,0.096,0.111,,,,
ADM3_Faridpur,0.363,0.816,0.0,0.0,0.118,0.175,0.0,0.0,,,,,,,,,1.039,1.36,6.476,8.595,0.124,0.188,0.085,0.102,,,,
ADM3_FaridpurSadar,0.33,0.714,0.0,0.0,0.121,0.177,0.0,0.0,,,,,,,,,1.129,1.436,7.33,9.437,0.124,0.188,0.093,0.109,,,,
ADM3_Fatikchhari,0.646,1.062,0.0,0.0,0.125,0.181,0.0,0.0,,,,,,,,,1.115,1.406,7.375,9.456,0.138,0.202,0.104,0.12,,,,
ADM3_Fenchuganj,0.421,0.782,0.0,0.0,0.134,0.19,0.0,0.0,,,,,,,,,0.963,1.249,6.888,9.138,0.134,0.199,0.089,0.104,,,,
ADM3_FeniSadar,0.525,0.968,0.0,0.0,0.122,0.177,0.0,0.0,,,,,,,,,1.12,1.41,7.182,9.294,0.138,0.202,0.105,0.121,,,,
ADM3_Fulbari,0.367,0.853,0.0,0.0,0.113,0.167,0.0,0.0,,,,,,,,,0.808,1.12,4.855,7.16,0.125,0.19,0.058,0.074,0.827,1.175,0.009,0.031
ADM3_Fulbaria,0.396,0.844,0.0,0.0,0.119,0.175,0.0,0.0,,,,,,,,,0.967,1.27,6.054,8.169,0.131,0.195,0.078,0.095,,,,
ADM3_Fulchhari,0.395,0.845,0.0,0.0,0.117,0.174,0.0,0.0,,,,,,,,,0.834,1.129,5.306,7.559,0.133,0.199,0.066,0.081,,,,
ADM3_Fulgazi,0.379,0.791,0.0,0.0,0.118,0.174,0.0,0.0,,,,,,,,,1.063,1.351,6.791,8.876,0.128,0.193,0.092,0.108,,,,
ADM3_Gabtali,0.456,0.944,0.0,0.0,0.115,0.172,0.0,0.0,,,,,,,,,0.951,1.263,5.639,7.741,0.13,0.194,0.073,0.09,,,,
ADM3_Gaffargaon,0.508,0.963,0.0,0.0,0.119,0.176,0.0,0.0,,,,,,,,,1.022,1.326,6.208,8.337,0.13,0.194,0.084,0.101,,,,
ADM3_GaibandhaSadar,0.38,0.863,0.0,0.0,0.116,0.172,0.0,0.0,,,,,,,,,0.832,1.13,5.135,7.431,0.132,0.198,0.065,0.08,,,,
ADM3_Galachipa,0.353,0.68,0.0,0.0,0.117,0.171,0.0,0.0,,,,,,,,,1.209,1.5,7.516,9.645,0.122,0.185,0.104,0.118,,,,
ADM3_Gangachara,0.381,0.834,0.0,0.0,0.114,0.17,0.0,0.0,,,,,,,,,0.768,1.067,4.725,7.052,0.129,0.195,0.058,0.074,,,,
ADM3_Gangni,0.34,0.795,0.0,0.0,0.113,0.17,0.0,0.0,,,,,,,,,1.126,1.452,6.891,9.048,0.117,0.182,0.084,0.101,,,,
ADM3_Gauripur,0.387,0.812,0.0,0.0,0.117,0.173,0.0,0.0,,,,,,,,,0.917,1.2,5.745,7.948,0.134,0.199,0.077,0.093,,,,
ADM3_Gaurnadi,0.447,0.822,0.0,0.0,0.121,0.177,0.0,0.0,,,,,,,,,1.089,1.374,6.967,9.066,0.131,0.196,0.095,0.11,,,,
ADM3_Gazaria,0.556,0.95,0.0,0.0,0.124,0.18,0.0,0.0,,,,,,,,,1.135,1.438,7.032,9.076,0.126,0.189,0.098,0.116,,,,
ADM3_GazipurSadar,0.523,0.969,0.0,0.0,0.124,0.18,0.0,0.0,,,,,,,,,1.09,1.398,6.726,8.795,0.129,0.193,0.093,0.11,,,,
ADM3_Gendaria,0.584,0.999,0.0,0.0,0.124,0.181,0.0,0.0,,,,,,,,,1.166,1.472,7.078,9.153,0.13,0.193,0.101,0.119,,,,
ADM3_Ghatail,0.39,0.831,0.0,0.0,0.121,0.177,0.0,0.0,,,,,,,,,0.965,1.265,6.116,8.197,0.132,0.196,0.079,0.094,,,,
ADM3_Ghior,0.564,1.007,0.0,0.0,0.12,0.177,0.0,0.0,,,,,,,,,1.128,1.448,6.591,8.729,0.123,0.186,0.091,0.109,,,,
ADM3_Ghoraghat,0.347,0.826,0.0,0.0,0.114,0.17,0.0,0.0,,,,,,,,,0.837,1.144,5.124,7.453,0.125,0.191,0.062,0.077,,,,
ADM3_Goalandaghat,,,,,,,,,,,,,,,,,,,,,,,,,,,,
ADM3_Gobindaganj,0.338,0.83,0.0,0.0,0.116,0.172,0.0,0.0,,,,,,,,,0.873,1.18,5.41,7.636,0.131,0.196,0.067,0.083,,,,
ADM3_Godagari,0.272,0.681,0.0,0.0,0.105,0.157,0.0,0.0,,,,,,,,,0.862,1.134,5.371,7.263,0.107,0.163,0.061,0.074,0.958,1.3,0.005,0.022
ADM3_Golabganj,0.442,0.83,0.0,0.0,0.127,0.182,0.0,0.0,,,,,,,,,0.924,1.209,6.305,8.541,0.137,0.203,0.086,0.101,,,,
ADM3_Gomastapur,0.227,0.583,0.0,0.0,0.092,0.136,0.0,0.0,0.781,0.934,0.0,0.0,,,,,0.715,0.957,4.473,6.203,0.098,0.15,0.051,0.063,0.522,0.718,0.004,0.014
ADM3_GopalganjSadar,0.362,0.76,0.0,0.0,0.126,0.182,0.0,0.0,,,,,,,,,1.141,1.439,7.458,9.518,0.124,0.188,0.097,0.113,,,,
ADM3_Gopalpur,0.393,0.811,0.0,0.0,0.121,0.177,0.0,0.0,,,,,,,,,0.941,1.239,5.931,8.005,0.132,0.197,0.076,0.091,,,,
ADM3_Gosairhat,0.464,0.855,0.0,0.0,0.118,0.174,0.0,0.0,,,,,,,,,1.058,1.348,6.625,8.752,0.134,0.198,0.09,0.105,,,,
ADM3_Gowainghat,0.564,0.895,0.0,0.0,0.126,0.182,0.0,0.0,,,,,,,,,0.692,0.924,4.622,6.407,0.107,0.16,0.066,0.078,,,,
ADM3_Gulshan,0.622,1.068,0.0,0.0,0.124,0.181,0.0,0.0,,,,,,,,,1.142,1.45,6.894,8.946,0.131,0.195,0.1,0.118,,,,
ADM3_Gurudaspur,0.337,0.747,0.0,0.0,0.118,0.174,0.0,0.0,,,,,,,,,1.017,1.321,6.354,8.476,0.126,0.191,0.081,0.096,,,,
ADM3_HabiganjSadar,0.385,0.772,0.0,0.0,0.122,0.179,0.0,0.0,,,,,,,,,1.019,1.303,6.603,8.704,0.129,0.193,0.091,0.106,,,,
ADM3_HaimChar,,,,,,,,,,,,,,,,,,,,,,,,,,,,
ADM3_Hajiganj,0.465,0.845,0.0,0.0,0.12,0.176,0.0,0.0,,,,,,,,,1.114,1.405,7.181,9.325,0.128,0.192,0.098,0.115,,,,
ADM3_Hakimpur,0.335,0.814,0.0,0.0,0.115,0.171,0.0,0.0,,,,,,,,,0.847,1.148,5.177,7.485,0.131,0.197,0.063,0.079,,,,
ADM3_Halishahar,,,,,,,,,,,,,,,,,,,,,,,,,,,,
ADM3_Haluaghat,0.272,0.529,0.0,0.0,0.067,0.099,0.0,0.0,0.146,0.173,0.0,0.0,,,,,0.487,0.65,3.051,4.309,0.076,0.113,0.04,0.049,0.475,0.663,0.007,0.018
ADM3_Harinakunda,0.333,0.772,0.0,0.0,0.117,0.173,0.0,0.0,,,,,,,,,1.134,1.444,7.118,9.218,0.121,0.186,0.09,0.106,,,,
ADM3_Haripur,0.136,0.319,0.0,0.0,0.053,0.079,0.0,0.0,,,,,,,,,0.344,0.492,2.239,3.348,0.057,0.087,0.024,0.031,0.552,0.772,0.014,0.03
ADM3_Harirampur,0.384,0.766,0.0,0.0,0.123,0.179,0.0,0.0,,,,,,,,,1.051,1.355,6.909,8.969,0.127,0.191,0.091,0.109,,,,
ADM3_Hathazari,0.589,0.992,0.0,0.0,0.126,0.182,0.0,0.0,,,,,,,,,1.183,1.475,7.728,9.782,0.138,0.202,0.114,0.13,,,,
ADM3_Hatibandha,0.353,0.763,0.0,0.0,0.114,0.17,0.0,0.0,,,,,,,,,0.735,1.031,4.696,6.95,0.13,0.196,0.055,0.071,,,,
ADM3_Hatiya,,,,,,,,,,,,,,,,,,,,,,,,,,,,
ADM3_Hazaribagh,0.606,1.043,0.0,0.0,0.126,0.182,0.0,0.0,,,,,,,,,1.13,1.438,7.027,9.113,0.131,0.194,0.105,0.125,,,,
ADM3_Hizla,0.509,0.866,0.0,0.0,0.118,0.174,0.0,0.0,,,,,,,,,1.066,1.351,6.709,8.861,0.135,0.2,0.096,0.111,,,,
ADM3_Homna,0.516,0.988,0.0,0.0,0.12,0.177,0.0,0.0,,,,,,,,,1.115,1.417,6.793,8.854,0.125,0.188,0.094,0.111,,,,
ADM3_Hossainpur,0.41,0.845,0.0,0.0,0.119,0.176,0.0,0.0,,,,,,,,,0.981,1.273,6.181,8.315,0.134,0.199,0.083,0.099,,,,
ADM3_Ishwardi,0.305,0.695,0.0,0.0,0.117,0.173,0.0,0.0,,,,,,,,,1.051,1.362,6.825,8.976,0.125,0.19,0.082,0.098,,,,
ADM3_Ishwarganj,0.384,0.826,0.0,0.0,0.118,0.174,0.0,0.0,,,,,,,,,0.948,1.237,5.958,8.142,0.132,0.197,0.079,0.095,,,,
ADM3_Islampur,0.319,0.704,0.0,0.0,0.121,0.177,0.0,0.0,,,,,,,,,0.863,1.158,5.718,7.835,0.13,0.195,0.068,0.084,,,,
ADM3_Itna,0.493,0.908,0.0,0.0,0.119,0.176,0.0,0.0,,,,,,,,,1.003,1.297,6.247,8.409,0.132,0.195,0.089,0.106,,,,
ADM3_Jagannathpur,0.481,0.841,0.0,0.0,0.122,0.178,0.0,0.0,,,,,,,,,1.005,1.295,6.343,8.42,0.134,0.196,0.098,0.114,,,,
ADM3_Jaintiapur,0.648,1.041,0.0,0.0,0.127,0.182,0.0,0.0,,,,,,,,,0.873,1.164,6.087,8.397,0.132,0.199,0.082,0.098,,,,
ADM3_Jaldhaka,0.387,0.838,0.0,0.0,0.115,0.172,0.0,0.0,,,,,,,,,0.74,1.034,4.742,7.179,0.132,0.199,0.056,0.071,,,,
ADM3_Jamalganj,0.553,0.96,0.0,0.0,0.118,0.173,0.0,0.0,,,,,,,,,0.95,1.246,5.743,7.905,0.132,0.193,0.089,0.105,,,,
ADM3_JamalpurSadar,0.372,0.815,0.0,0.0,0.12,0.176,0.0,0.0,,,,,,,,,0.903,1.2,5.7,7.856,0.133,0.198,0.073,0.088,,,,
ADM3_Jatrabari,0.591,1.003,0.0,0.0,0.125,0.181,0.0,0.0,,,,,,,,,1.154,1.461,7.107,9.134,0.13,0.194,0.102,0.12,,,,
ADM3_JhalokatiSadar,0.393,0.81,0.0,0.0,0.123,0.18,0.0,0.0,,,,,,,,,1.108,1.397,7.24,9.487,0.128,0.193,0.097,0.113,,,,
ADM3_JhenaidahSadar,0.341,0.783,0.0,0.0,0.118,0.175,0.0,0.0,,,,,,,,,1.137,1.45,7.179,9.283,0.123,0.188,0.091,0.107,,,,
ADM3_Jhenaigati,0.51,0.997,0.0,0.0,0.12,0.177,0.0,0.0,1.004,1.198,0.0,0.0,,,,,0.822,1.124,5.279,7.51,0.133,0.199,0.067,0.082,0.807,1.135,0.012,0.03
ADM3_Jhikargachha,0.38,0.819,0.0,0.0,0.123,0.18,0.0,0.0,,,,,,,,,1.151,1.458,7.28,9.38,0.124,0.189,0.095,0.111,,,,
ADM3_JibanNagar,0.237,0.537,0.0,0.0,0.084,0.124,0.0,0.0,,,,,,,,,0.806,1.024,5.045,6.541,0.086,0.132,0.064,0.075,,,,
ADM3_JoypurhatSadar,0.225,0.559,0.0,0.0,0.082,0.123,0.0,0.0,,,,,,,,,0.624,0.84,3.857,5.458,0.094,0.141,0.046,0.057,,,,
ADM3_JuraiChhari,0.999,1.401,0.0,0.0,0.14,0.196,0.0,0.0,,,,,,,,,1.078,1.374,7.73,9.874,0.131,0.199,0.099,0.114,,,,
ADM3_Juri,0.706,1.088,0.0,0.0,0.137,0.192,0.0,0.0,,,,,,,,,0.946,1.241,6.873,9.023,0.128,0.191,0.094,0.111,,,,
ADM3_Kabirhat,0.269,0.636,0.0,0.0,0.112,0.169,0.0,0.0,,,,,,,,,1.116,1.421,6.359,8.285,0.108,0.166,0.093,0.108,,,,
ADM3_Kachua_342001,0.333,0.739,0.0,0.0,0.129,0.186,0.0,0.0,,,,,,,,,1.125,1.421,7.496,9.578,0.124,0.188,0.099,0.115,,,,
ADM3_Kachua_371605,0.541,0.948,0.0,0.0,0.12,0.177,0.0,0.0,,,,,,,,,1.103,1.397,6.789,8.849,0.13,0.194,0.097,0.114,,,,
ADM3_Kadamtali,0.584,0.999,0.0,0.0,0.124,0.181,0.0,0.0,,,,,,,,,1.166,1.472,7.078,9.153,0.13,0.193,0.101,0.119,,,,
ADM3_Kafrul,0.622,1.068,0.0,0.0,0.124,0.181,0.0,0.0,,,,,,,,,1.142,1.45,6.894,8.946,0.131,0.195,0.1,0.118,,,,
ADM3_Kahaloo,0.355,0.805,0.0,0.0,0.116,0.173,0.0,0.0,,,,,,,,,0.92,1.222,5.599,7.781,0.129,0.195,0.071,0.087,,,,
ADM3_Kaharole,0.343,0.795,0.0,0.0,0.115,0.172,0.0,0.0,,,,,,,,,0.751,1.056,4.744,7.092,0.128,0.194,0.054,0.068,,,,
ADM3_KalaPara,0.326,0.627,0.0,0.0,0.141,0.197,0.0,0.0,,,,,,,,,1.323,1.611,8.741,10.876,0.119,0.18,0.116,0.131,,,,
ADM3_Kalabagan,0.606,1.043,0.0,0.0,0.126,0.182,0.0,0.0,,,,,,,,,1.13,1.438,7.027,9.113,0.131,0.194,0.105,0.125,,,,
ADM3_Kalai,0.329,0.798,0.0,0.0,0.116,0.172,0.0,0.0,,,,,,,,,0.871,1.173,5.357,7.616,0.131,0.196,0.066,0.081,,,,
ADM3_Kalaroa,0.416,0.856,0.0,0.0,0.123,0.18,0.0,0.0,,,,,,,,,1.186,1.498,7.413,9.494,0.121,0.185,0.097,0.114,,,,
ADM3_Kalia,0.42,0.846,0.0,0.0,0.125,0.182,0.0,0.0,,,,,,,,,1.174,1.485,7.476,9.553,0.122,0.186,0.098,0.115,,,,
ADM3_Kaliakair,0.405,0.849,0.0,0.0,0.122,0.179,0.0,0.0,,,,,,,,,1.022,1.326,6.504,8.566,0.13,0.194,0.086,0.103,,,,
ADM3_Kaliganj_086039,0.541,0.992,0.0,0.0,0.123,0.18,0.0,0.0,,,,,,,,,1.078,1.384,6.611,8.683,0.129,0.192,0.091,0.108,,,,
ADM3_Kaliganj_098735,0.353,0.775,0.0,0.0,0.113,0.17,0.0,0.0,,,,,,,,,0.744,1.042,4.739,7.039,0.13,0.196,0.056,0.071,,,,
ADM3_Kaliganj_663470,0.481,0.875,0.0,0.0,0.126,0.183,0.0,0.0,,,,,,,,,1.298,1.612,8.559,10.684,0.112,0.173,0.108,0.125,,,,
ADM3_Kaliganj_882675,0.325,0.746,0.0,0.0,0.12,0.177,0.0,0.0,,,,,,,,,1.139,1.442,7.315,9.419,0.125,0.19,0.092,0.108,,,,
ADM3_Kalihati,0.379,0.804,0.0,0.0,0.121,0.177,0.0,0.0,,,,,,,,,0.989,1.294,6.296,8.356,0.13,0.194,0.082,0.098,,,,
ADM3_Kalkini,0.486,0.889,0.0,0.0,0.12,0.177,0.0,0.0,,,,,,,,,1.114,1.419,6.973,9.032,0.128,0.192,0.095,0.112,,,,
ADM3_Kalmakanda,0.392,0.717,0.0,0.0,0.088,0.13,0.0,0.0,0.144,0.172,0.0,0.0,,,,,0.65,0.864,4.189,5.94,0.102,0.153,0.056,0.068,0.618,0.855,0.009,0.022
ADM3_Kalukhali,0.314,0.728,0.0,0.0,0.119,0.175,0.0,0.0,,,,,,,,,1.118,1.431,7.136,9.238,0.122,0.187,0.09,0.106,,,,
ADM3_Kamalganj,0.521,0.935,0.0,0.0,,,,,,,,,,,,,0.966,1.262,6.934,9.217,0.124,0.19,0.088,0.104,,,,
ADM3_Kamalnagar,0.32,0.652,0.0,0.0,0.104,0.156,0.0,0.0,,,,,,,,,1.128,1.413,6.031,7.926,0.113,0.171,0.094,0.107,,,,
ADM3_Kamarkhanda,0.392,0.808,0.0,0.0,0.119,0.175,0.0,0.0,,,,,,,,,1.007,1.307,6.248,8.337,0.13,0.194,0.083,0.098,,,,
ADM3_KamrangirChar,0.606,1.043,0.0,0.0,0.126,0.182,0.0,0.0,,,,,,,,,1.13,1.438,7.027,9.113,0.131,0.194,0.105,0.125,,,,
ADM3_Kanaighat,0.534,0.907,0.0,0.0,0.126,0.182,0.0,0.0,,,,,,,,,0.905,1.19,6.276,8.572,0.131,0.197,0.083,0.099,,,,
ADM3_Kanthalia,0.464,0.881,0.0,0.0,0.131,0.188,0.0,0.0,,,,,,,,,1.177,1.471,7.781,10.024,0.127,0.191,0.106,0.122,,,,
ADM3_Kapasia,0.424,0.863,0.0,0.0,0.121,0.178,0.0,0.0,,,,,,,,,1.024,1.331,6.508,8.584,0.13,0.194,0.085,0.102,,,,
ADM3_Kaptai,0.935,1.374,0.0,0.0,0.131,0.187,0.0,0.0,,,,,,,,,1.127,1.435,7.581,9.659,0.133,0.199,0.105,0.122,,,,
ADM3_Karimganj,0.528,0.983,0.0,0.0,0.12,0.177,0.0,0.0,,,,,,,,,1.047,1.346,6.424,8.601,0.131,0.195,0.088,0.105,,,,
ADM3_Kasba,0.426,0.897,0.0,0.0,0.119,0.176,0.0,0.0,,,,,,,,,1.034,1.337,6.392,8.438,0.128,0.193,0.088,0.105,,,,
ADM3_Kashiani,0.328,0.725,0.0,0.0,0.125,0.181,0.0,0.0,,,,,,,,,1.124,1.426,7.438,9.515,0.126,0.191,0.094,0.11,,,,
ADM3_Katiadi,0.501,0.949,0.0,0.0,0.12,0.177,0.0,0.0,,,,,,,,,1.037,1.336,6.36,8.498,0.131,0.196,0.087,0.104,,,,
ADM3_Kaunia,0.353,0.828,0.0,0.0,0.113,0.169,0.0,0.0,,,,,,,,,0.789,1.095,4.838,7.198,0.125,0.191,0.06,0.075,,,,
ADM3_Kawkhali,0.338,0.76,0.0,0.0,0.127,0.184,0.0,0.0,,,,,,,,,1.118,1.418,7.532,9.769,0.124,0.189,0.098,0.114,,,,
ADM3_KawkhaliBetbunia,0.799,1.236,0.0,0.0,0.127,0.183,0.0,0.0,,,,,,,,,1.125,1.428,7.386,9.485,0.132,0.196,0.104,0.12,,,,
ADM3_Kazipur,0.36,0.8,0.0,0.0,0.118,0.175,0.0,0.0,,,,,,,,,0.953,1.253,5.947,8.01,0.127,0.192,0.077,0.092,,,,
ADM3_Kendua,0.445,0.887,0.0,0.0,0.118,0.175,0.0,0.0,,,,,,,,,0.963,1.254,5.992,8.227,0.133,0.198,0.082,0.098,,,,
ADM3_Keraniganj,0.593,1.019,0.0,0.0,0.123,0.18,0.0,0.0,,,,,,,,,1.139,1.447,6.858,8.975,0.13,0.193,0.097,0.115,,,,
ADM3_Keshabpur,0.464,0.914,0.0,0.0,0.124,0.182,0.0,0.0,,,,,,,,,1.197,1.508,7.423,9.526,0.121,0.185,0.099,0.115,,,,
ADM3_KhagrachhariSadar,0.911,1.336,0.0,0.0,0.136,0.192,0.0,0.0,,,,,,,,,1.005,1.297,6.979,9.107,0.137,0.202,0.093,0.109,,,,
ADM3_Khaliajuri,0.437,0.815,0.0,0.0,0.119,0.174,0.0,0.0,,,,,,,,,0.956,1.242,5.98,8.08,0.134,0.197,0.089,0.105,,,,
ADM3_Khalishpur,0.515,0.936,0.0,0.0,0.127,0.184,0.0,0.0,,,,,,,,,1.255,1.566,7.794,9.905,0.121,0.183,0.108,0.126,,,,
ADM3_KhanJahanAli,0.402,0.807,0.0,0.0,0.127,0.183,0.0,0.0,,,,,,,,,1.133,1.429,7.336,9.422,0.128,0.193,0.097,0.113,,,,
ADM3_Khansama,0.385,0.842,0.0,0.0,0.114,0.171,0.0,0.0,,,,,,,,,0.748,1.047,4.689,7.101,0.131,0.198,0.056,0.07,,,,
ADM3_Khetlal,0.343,0.806,0.0,0.0,0.116,0.172,0.0,0.0,,,,,,,,,0.876,1.178,5.385,7.604,0.132,0.198,0.066,0.081,,,,
ADM3_Khilgaon,0.591,1.003,0.0,0.0,0.125,0.181,0.0,0.0,,,,,,,,,1.154,1.461,7.107,9.134,0.13,0.194,0.102,0.12,,,,
ADM3_Khilkhet,0.563,0.993,0.0,0.0,0.125,0.181,0.0,0.0,,,,,,,,,1.126,1.433,6.947,8.978,0.13,0.193,0.099,0.116,,,,
ADM3_Khoksa,0.426,0.882,0.0,0.0,0.117,0.174,0.0,0.0,,,,,,,,,1.156,1.478,7.1,9.206,0.12,0.184,0.091,0.108,,,,
ADM3_KhulnaSadar,0.515,0.936,0.0,0.0,0.127,0.184,0.0,0.0,,,,,,,,,1.255,1.566,7.794,9.905,0.121,0.183,0.108,0.126,,,,
ADM3_Khulshi,,,,,,,,,,,,,,,,,,,,,,,,,,,,
ADM3_Kishoreganj,0.392,0.855,0.0,0.0,0.114,0.17,0.0,0.0,,,,,,,,,0.759,1.055,4.732,7.166,0.13,0.198,0.057,0.072,,,,
ADM3_KishoreganjSadar,0.492,0.933,0.0,0.0,0.119,0.176,0.0,0.0,,,,,,,,,1.014,1.307,6.224,8.382,0.134,0.198,0.086,0.102,,,,
ADM3_KotaliPara,0.383,0.793,0.0,0.0,0.125,0.182,0.0,0.0,,,,,,,,,1.121,1.424,7.292,9.33,0.123,0.187,0.096,0.113,,,,
ADM3_Kotchandpur,0.355,0.782,0.0,0.0,0.118,0.175,0.0,0.0,,,,,,,,,1.128,1.433,7.07,9.168,0.124,0.188,0.09,0.106,,,,
ADM3_Kotwali_226647,,,,,,,,,,,,,,,,,,,,,,,,,,,,
ADM3_Kotwali_291187,0.36,0.781,0.0,0.0,0.123,0.179,0.0,0.0,,,,,,,,,1.15,1.454,7.36,9.448,0.126,0.191,0.095,0.111,,,,
ADM3_Kotwali_832933,0.606,1.043,0.0,0.0,0.126,0.182,0.0,0.0,,,,,,,,,1.13,1.438,7.027,9.113,0.131,0.194,0.105,0.125,,,,
ADM3_Koyra,0.368,0.765,0.0,0.0,0.135,0.192,0.0,0.0,,,,,,,,,1.245,1.55,8.494,10.636,0.119,0.183,0.108,0.125,,,,
ADM3_Kulaura,0.506,0.903,0.0,0.0,0.134,0.191,0.0,0.0,,,,,,,,,0.963,1.254,6.782,9.014,0.128,0.194,0.089,0.105,,,,
ADM3_KuliarChar,0.414,0.826,0.0,0.0,0.12,0.176,0.0,0.0,,,,,,,,,1.004,1.291,6.398,8.519,0.134,0.199,0.086,0.101,,,,
ADM3_Kumarkhali,0.42,0.869,0.0,0.0,0.117,0.174,0.0,0.0,,,,,,,,,1.136,1.459,7.047,9.172,0.122,0.186,0.088,0.106,,,,
ADM3_KurigramSadar,0.367,0.846,0.0,0.0,0.114,0.171,0.0,0.0,,,,,,,,,0.784,1.091,4.736,7.039,0.123,0.189,0.058,0.074,,,,
ADM3_KushtiaSadar,0.375,0.839,0.0,0.0,0.116,0.173,0.0,0.0,,,,,,,,,1.128,1.451,6.991,9.111,0.12,0.184,0.089,0.106,,,,
ADM3_Kutubdia,,,,,,,,,,,,,,,,,,,,,,,,,,,,
ADM3_Lakhai,,,,,,,,,,,,,,,,,,,,,,,,,,,,
ADM3_Laksam,0.371,0.809,0.0,0.0,0.119,0.176,0.0,0.0,,,,,,,,,1.051,1.351,6.797,8.865,0.13,0.195,0.093,0.109,,,,
ADM3_Lakshmichhari,0.979,1.435,0.0,0.0,0.13,0.187,0.0,0.0,,,,,,,,,1.127,1.439,7.337,9.425,0.13,0.197,0.101,0.118,,,,
ADM3_LakshmipurSadar,0.516,0.942,0.0,0.0,0.119,0.175,0.0,0.0,,,,,,,,,1.108,1.4,6.872,8.946,0.132,0.196,0.102,0.118,,,,
ADM3_Lalbagh,0.606,1.043,0.0,0.0,0.126,0.182,0.0,0.0,,,,,,,,,1.13,1.438,7.027,9.113,0.131,0.194,0.105,0.125,,,,
ADM3_Lalmohan,0.345,0.671,0.0,0.0,0.109,0.161,0.0,0.0,,,,,,,,,1.137,1.43,6.449,8.615,0.114,0.174,0.098,0.111,,,,
ADM3_LalmonirhatSadar,0.451,0.94,0.0,0.0,0.113,0.17,0.0,0.0,,,,,,,,,0.805,1.119,4.805,7.153,0.125,0.191,0.06,0.077,,,,
ADM3_Lalpur,0.304,0.713,0.0,0.0,0.117,0.173,0.0,0.0,,,,,,,,,1.038,1.35,6.652,8.778,0.124,0.189,0.08,0.096,,,,
ADM3_Lama,1.094,1.489,0.0,0.0,0.143,0.198,0.0,0.0,,,,,,,,,1.131,1.425,7.874,9.965,0.143,0.208,0.114,0.13,,,,
ADM3_Langadu,0.945,1.36,0.0,0.0,0.136,0.192,0.0,0.0,,,,,,,,,1.024,1.317,7.133,9.241,0.134,0.201,0.096,0.111,,,,
ADM3_Lohagara_691580,0.32,0.759,0.0,0.0,0.124,0.18,0.0,0.0,,,,,,,,,1.15,1.464,7.509,9.612,0.124,0.188,0.095,0.111,,,,
ADM3_Lohagara_836566,0.778,1.174,0.0,0.0,0.148,0.203,0.0,0.0,,,,,,,,,1.175,1.469,8.205,10.269,0.14,0.205,0.122,0.138,,,,
ADM3_Lohajang,0.635,1.053,0.0,0.0,0.126,0.182,0.0,0.0,,,,,,,,,1.122,1.429,6.907,8.937,0.126,0.189,0.102,0.121,,,,
ADM3_Madan,0.539,0.95,0.0,0.0,0.119,0.175,0.0,0.0,,,,,,,,,0.986,1.281,6.029,8.184,0.133,0.196,0.091,0.108,,,,
ADM3_Madarganj,0.349,0.73,0.0,0.0,0.12,0.176,0.0,0.0,,,,,,,,,0.911,1.21,5.829,7.87,0.13,0.195,0.072,0.088,,,,
ADM3_MadaripurSadar,0.479,0.892,0.0,0.0,0.123,0.179,0.0,0.0,,,,,,,,,1.167,1.475,7.346,9.424,0.124,0.187,0.098,0.115,,,,
ADM3_Madhabpur,0.448,0.827,0.0,0.0,0.129,0.186,0.0,0.0,,,,,,,,,1.038,1.332,6.843,8.938,0.129,0.192,0.09,0.107,,,,
ADM3_Madhukhali,0.496,0.93,0.0,0.0,0.12,0.177,0.0,0.0,,,,,,,,,1.206,1.526,7.458,9.573,0.12,0.184,0.097,0.114,,,,
ADM3_Madhupur,0.379,0.814,0.0,0.0,0.12,0.176,0.0,0.0,,,,,,,,,0.93,1.225,5.906,8.034,0.133,0.198,0.075,0.09,,,,
ADM3_MaguraSadar,0.409,0.871,0.0,0.0,0.12,0.176,0.0,0.0,,,,,,,,,1.173,1.494,7.301,9.401,0.121,0.186,0.095,0.112,,,,
ADM3_Mahadebpur,0.337,0.79,0.0,0.0,0.116,0.173,0.0,0.0,,,,,,,,,0.897,1.202,5.449,7.649,0.129,0.194,0.066,0.082,,,,
ADM3_Mahalchhari,0.794,1.237,0.0,0.0,0.134,0.19,0.0,0.0,,,,,,,,,1.05,1.354,7.273,9.388,0.132,0.199,0.096,0.113,,,,
ADM3_Maheshkhali,,,,,,,,,,,,,,,,,,,,,,,,,,,,
ADM3_Maheshpur,0.37,0.813,0.0,0.0,0.119,0.176,0.0,0.0,,,,,,,,,1.136,1.447,7.167,9.322,0.12,0.184,0.093,0.109,,,,
ADM3_Manda,0.354,0.785,0.0,0.0,0.116,0.172,0.0,0.0,,,,,,,,,0.937,1.242,5.652,7.806,0.128,0.193,0.07,0.085,,,,
ADM3_Manikchhari,0.597,1.016,0.0,0.0,0.132,0.188,0.0,0.0,,,,,,,,,1.066,1.354,7.366,9.456,0.136,0.201,0.1,0.115,,,,
ADM3_ManikganjSadar,0.589,1.014,0.0,0.0,0.122,0.178,0.0,0.0,,,,,,,,,1.145,1.457,6.892,8.991,0.127,0.19,0.095,0.113,,,,
ADM3_Manirampur,0.348,0.802,0.0,0.0,0.123,0.181,0.0,0.0,,,,,,,,,1.162,1.477,7.444,9.525,0.122,0.186,0.096,0.112,,,,
ADM3_Manohardi,0.514,0.973,0.0,0.0,0.121,0.178,0.0,0.0,,,,,,,,,1.051,1.356,6.472,8.647,0.129,0.193,0.088,0.105,,,,
ADM3_Manoharganj,0.371,0.735,0.0,0.0,0.116,0.173,0.0,0.0,,,,,,,,,1.059,1.346,6.585,8.6,0.126,0.191,0.092,0.107,,,,
ADM3_Manpura,,,,,,,,,,,,,,,,,,,,,,,,,,,,
ADM3_Mathbaria,0.445,0.863,0.0,0.0,0.131,0.188,0.0,0.0,,,,,,,,,1.196,1.489,7.914,10.128,0.126,0.191,0.106,0.122,,,,
ADM3_Matihar,0.312,0.746,0.0,0.0,0.111,0.169,0.0,0.0,,,,,,,,,1.03,1.361,6.466,8.682,0.121,0.186,0.078,0.095,,,,
ADM3_Matiranga,0.784,1.178,0.0,0.0,0.121,0.171,0.0,0.0,,,,,,,,,0.924,1.192,6.364,8.303,0.123,0.183,0.085,0.099,,,,
ADM3_MatlabDakshin,0.549,0.977,0.0,0.0,0.121,0.178,0.0,0.0,,,,,,,,,1.13,1.43,7.028,9.063,0.128,0.191,0.099,0.117,,,,
ADM3_MatlabUttar,0.58,0.993,0.0,0.0,0.124,0.181,0.0,0.0,,,,,,,,,1.136,1.438,7.044,9.091,0.127,0.19,0.1,0.117,,,,
ADM3_MaulviBazarSadar,0.377,0.746,0.0,0.0,0.127,0.184,0.0,0.0,,,,,,,,,1.006,1.295,7.006,9.181,0.125,0.189,0.092,0.108,,,,
ADM3_Meghna,0.568,1.002,0.0,0.0,0.124,0.181,0.0,0.0,,,,,,,,,1.109,1.415,6.799,8.814,0.125,0.188,0.094,0.111,,,,
ADM3_Mehendiganj,0.644,1.056,0.0,0.0,0.118,0.174,0.0,0.0,,,,,,,,,1.146,1.449,6.834,9.046,0.129,0.193,0.101,0.118,,,,
ADM3_MeherpurSadar,0.28,0.756,0.0,0.0,0.112,0.169,0.0,0.0,,,,,,,,,1.112,1.434,6.856,9.017,0.116,0.181,0.083,0.099,1.222,1.576,0.008,0.032
ADM3_Melandaha,0.359,0.767,0.0,0.0,0.12,0.176,0.0,0.0,,,,,,,,,0.888,1.184,5.62,7.705,0.132,0.197,0.072,0.087,,,,
ADM3_Mirpur_169518,0.622,1.068,0.0,0.0,0.124,0.181,0.0,0.0,,,,,,,,,1.142,1.45,6.894,8.946,0.131,0.195,0.1,0.118,,,,
ADM3_Mirpur_956594,0.348,0.803,0.0,0.0,0.115,0.171,0.0,0.0,,,,,,,,,1.112,1.437,6.86,8.984,0.12,0.185,0.086,0.102,,,,
ADM3_Mirsharai,0.482,0.895,0.0,0.0,0.121,0.177,0.0,0.0,,,,,,,,,1.087,1.371,7.138,9.235,0.137,0.202,0.101,0.116,,,,
ADM3_Mirzaganj,0.376,0.75,0.0,0.0,0.133,0.189,0.0,0.0,,,,,,,,,1.125,1.41,7.692,9.818,0.131,0.196,0.102,0.118,,,,
ADM3_Mirzapur,0.432,0.841,0.0,0.0,0.122,0.178,0.0,0.0,,,,,,,,,1.026,1.328,6.424,8.461,0.13,0.195,0.086,0.102,,,,
ADM3_MithaPukur,0.37,0.857,0.0,0.0,0.113,0.168,0.0,0.0,,,,,,,,,0.799,1.103,4.861,7.251,0.126,0.193,0.059,0.074,,,,
ADM3_Mithamain,,,,,,,,,,,,,,,,,,,,,,,,,,,,
ADM3_Mohammadpur_517929,0.606,1.043,0.0,0.0,0.126,0.182,0.0,0.0,,,,,,,,,1.13,1.438,7.027,9.113,0.131,0.194,0.105,0.125,,,,
ADM3_Mohammadpur_792291,0.381,0.835,0.0,0.0,0.121,0.177,0.0,0.0,,,,,,,,,1.182,1.502,7.498,9.604,0.12,0.185,0.096,0.113,,,,
ADM3_Mohanganj,0.455,0.862,0.0,0.0,0.116,0.17,0.0,0.0,,,,,,,,,0.907,1.193,5.605,7.871,0.136,0.202,0.082,0.098,0.929,1.264,0.008,0.026
ADM3_Mohanpur,0.342,0.798,0.0,0.0,0.114,0.171,0.0,0.0,,,,,,,,,0.992,1.306,6.039,8.174,0.124,0.189,0.073,0.089,0.976,1.32,0.003,0.02
ADM3_Mollahat,0.303,0.634,0.0,0.0,0.128,0.184,0.0,0.0,,,,,,,,,1.144,1.436,7.809,9.86,0.123,0.187,0.097,0.112,,,,
ADM3_Mongla,0.365,0.772,0.0,0.0,0.138,0.195,0.0,0.0,,,,,,,,,1.252,1.551,8.181,10.443,0.111,0.175,0.107,0.123,,,,
ADM3_Morrelganj,0.306,0.674,0.0,0.0,0.13,0.186,0.0,0.0,,,,,,,,,1.165,1.452,7.871,9.991,0.124,0.187,0.103,0.119,,,,
ADM3_Motijheel,0.591,1.003,0.0,0.0,0.125,0.181,0.0,0.0,,,,,,,,,1.154,1.461,7.107,9.134,0.13,0.194,0.102,0.12,,,,
ADM3_MujibNagar,0.322,0.819,0.0,0.0,0.113,0.17,0.0,0.0,,,,,,,,,1.132,1.459,6.919,9.094,0.114,0.179,0.085,0.102,,,,
ADM3_Muksudpur,0.389,0.772,0.0,0.0,0.124,0.181,0.0,0.0,,,,,,,,,1.163,1.477,7.637,9.689,0.121,0.184,0.097,0.113,,,,
ADM3_Muktagachha,0.379,0.832,0.0,0.0,0.118,0.175,0.0,0.0,,,,,,,,,0.921,1.221,5.775,7.949,0.132,0.197,0.075,0.091,,,,
ADM3_Muladi,0.448,0.83,0.0,0.0,0.118,0.174,0.0,0.0,,,,,,,,,1.07,1.355,6.758,8.926,0.132,0.196,0.092,0.108,,,,
ADM3_MunshiganjSadar,0.661,1.067,0.0,0.0,0.124,0.18,0.0,0.0,,,,,,,,,1.151,1.452,6.918,8.964,0.129,0.192,0.103,0.12,1.374,1.726,0.024,0.048
ADM3_Muradnagar,0.55,1.015,0.0,0.0,0.119,0.176,0.0,0.0,,,,,,,,,1.104,1.406,6.638,8.693,0.127,0.19,0.093,0.11,,,,
ADM3_MymensinghSadar,0.403,0.864,0.0,0.0,0.116,0.173,0.0,0.0,,,,,,,,,0.922,1.224,5.707,7.896,0.132,0.197,0.076,0.093,,,,
ADM3_Nabiganj,0.403,0.766,0.0,0.0,0.123,0.179,0.0,0.0,,,,,,,,,1.008,1.294,6.582,8.662,0.132,0.193,0.096,0.112,,,,
ADM3_Nabinagar,0.506,0.957,0.0,0.0,0.119,0.176,0.0,0.0,,,,,,,,,1.08,1.383,6.566,8.614,0.127,0.19,0.091,0.108,,,,
ADM3_Nachole,0.325,0.787,0.0,0.0,0.115,0.172,0.0,0.0,,,,,,,,,0.939,1.25,5.703,7.858,0.126,0.191,0.067,0.082,0.89,1.226,0.004,0.021
ADM3_Nagarkanda,0.385,0.764,0.0,0.0,0.123,0.179,0.0,0.0,,,,,,,,,1.164,1.474,7.583,9.663,0.122,0.186,0.096,0.113,,,,
ADM3_Nagarpur,0.365,0.77,0.0,0.0,0.121,0.177,0.0,0.0,,,,,,,,,1.048,1.354,6.679,8.801,0.127,0.192,0.087,0.102,,,,
ADM3_Nageshwari,0.345,0.807,0.0,0.0,0.115,0.172,0.0,0.0,,,,,,,,,0.75,1.048,4.681,7.029,0.125,0.191,0.056,0.072,,,,
ADM3_Naikhongchhari,1.151,1.548,0.0,0.0,0.141,0.196,0.0,0.0,,,,,,,,,1.183,1.472,8.477,10.587,0.146,0.211,0.126,0.143,,,,
ADM3_Nakla,0.394,0.832,0.0,0.0,0.118,0.175,0.0,0.0,,,,,,,,,0.879,1.168,5.49,7.643,0.134,0.199,0.071,0.086,0.847,1.179,0.007,0.025
ADM3_Nalchity,0.432,0.83,0.0,0.0,0.12,0.176,0.0,0.0,,,,,,,,,1.099,1.384,7.02,9.264,0.129,0.194,0.097,0.113,,,,
ADM3_Nalitabari,0.45,0.903,0.0,0.0,0.118,0.175,0.0,0.0,1.023,1.217,0.0,0.0,,,,,0.848,1.141,5.319,7.505,0.134,0.199,0.068,0.084,0.843,1.181,0.011,0.029
ADM3_Nandail,0.394,0.834,0.0,0.0,0.119,0.175,0.0,0.0,,,,,,,,,0.963,1.252,6.083,8.27,0.133,0.198,0.081,0.097,,,,
ADM3_Nandigram,0.356,0.795,0.0,0.0,0.117,0.173,0.0,0.0,,,,,,,,,0.946,1.25,5.767,7.929,0.128,0.193,0.073,0.088,,,,
ADM3_Nangalkot,0.358,0.791,0.0,0.0,0.115,0.172,0.0,0.0,,,,,,,,,1.071,1.369,6.514,8.57,0.122,0.187,0.091,0.107,,,,
ADM3_Naniarchar,0.903,1.32,0.0,0.0,0.134,0.19,0.0,0.0,,,,,,,,,1.051,1.345,7.26,9.338,0.133,0.2,0.098,0.113,,,,
ADM3_NaogaonSadar,0.383,0.823,0.0,0.0,0.116,0.173,0.0,0.0,,,,,,,,,0.933,1.243,5.624,7.79,0.128,0.194,0.07,0.086,,,,
ADM3_NarailSadar,0.349,0.77,0.0,0.0,0.123,0.18,0.0,0.0,,,,,,,,,1.144,1.454,7.377,9.463,0.124,0.189,0.095,0.111,,,,
ADM3_NarayanganjSadar,0.58,0.993,0.0,0.0,0.124,0.18,0.0,0.0,,,,,,,,,1.147,1.452,6.963,9.066,0.13,0.193,0.1,0.117,,,,
ADM3_Naria,0.509,0.901,0.0,0.0,0.118,0.174,0.0,0.0,,,,,,,,,1.118,1.413,6.966,9.046,0.129,0.193,0.096,0.112,,,,
ADM3_NarsingdiSadar,0.607,1.066,0.0,0.0,0.122,0.179,0.0,0.0,,,,,,,,,1.113,1.417,6.645,8.741,0.127,0.191,0.095,0.112,,,,
ADM3_Nasirnagar,0.572,1.009,0.0,0.0,0.123,0.18,0.0,0.0,,,,,,,,,1.086,1.389,6.636,8.728,0.125,0.185,0.094,0.112,,,,
ADM3_NatoreSadar,0.381,0.82,0.0,0.0,0.118,0.174,0.0,0.0,,,,,,,,,1.016,1.328,6.219,8.372,0.127,0.191,0.078,0.094,,,,
ADM3_NawabganjSadar,0.317,0.761,0.0,0.0,0.117,0.174,0.0,0.0,0.955,1.149,0.0,0.0,,,,,0.971,1.292,6.068,8.185,0.121,0.186,0.071,0.087,0.936,1.28,0.004,0.02
ADM3_Nawabganj_222310,0.642,1.066,0.0,0.0,0.122,0.179,0.0,0.0,,,,,,,,,1.146,1.456,6.776,8.872,0.129,0.192,0.096,0.114,,,,
ADM3_Nawabganj_718336,0.358,0.842,0.0,0.0,0.114,0.168,0.0,0.0,,,,,,,,,0.815,1.122,4.954,7.295,0.125,0.191,0.06,0.075,,,,
ADM3_Nazirpur,0.329,0.698,0.0,0.0,0.128,0.184,0.0,0.0,,,,,,,,,1.125,1.414,7.501,9.588,0.124,0.188,0.097,0.113,,,,
ADM3_NesarabadSwarupkati,0.448,0.897,0.0,0.0,0.125,0.182,0.0,0.0,,,,,,,,,1.138,1.442,7.293,9.436,0.124,0.188,0.098,0.115,,,,
ADM3_NetrokonaSadar,0.411,0.832,0.0,0.0,0.116,0.172,0.0,0.0,,,,,,,,,0.904,1.187,5.605,7.784,0.133,0.199,0.078,0.094,0.874,1.201,0.007,0.025
ADM3_NewMarket,0.606,1.043,0.0,0.0,0.126,0.182,0.0,0.0,,,,,,,,,1.13,1.438,7.027,9.113,0.131,0.194,0.105,0.125,,,,
ADM3_Niamatpur,0.301,0.757,0.0,0.0,0.115,0.172,0.0,0.0,,,,,,,,,0.925,1.237,5.731,7.935,0.127,0.192,0.066,0.081,0.866,1.202,0.006,0.024
ADM3_Nikli,0.403,0.795,0.0,0.0,0.12,0.176,0.0,0.0,,,,,,,,,0.983,1.268,6.289,8.42,0.133,0.197,0.085,0.1,,,,
ADM3_NilphamariSadar,0.382,0.839,0.0,0.0,0.115,0.171,0.0,0.0,,,,,,,,,0.75,1.045,4.803,7.25,0.131,0.199,0.057,0.071,,,,
ADM3_NoakhaliSadarSudharam,0.387,0.745,0.0,0.0,0.117,0.171,0.0,0.0,,,,,,,,,1.075,1.361,6.714,8.77,0.128,0.192,0.099,0.114,,,,
ADM3_Paba,0.362,0.808,0.0,0.0,0.112,0.169,0.0,0.0,,,,,,,,,1.031,1.36,6.416,8.627,0.121,0.186,0.078,0.094,,,,
ADM3_PabnaSadar,0.321,0.733,0.0,0.0,0.118,0.174,0.0,0.0,,,,,,,,,1.069,1.376,6.855,8.968,0.126,0.191,0.086,0.101,,,,
ADM3_Pahartali,,,,,,,,,,,,,,,,,,,,,,,,,,,,
ADM3_Paikgachha,0.418,0.806,0.0,0.0,0.131,0.187,0.0,0.0,,,,,,,,,1.234,1.546,7.983,10.017,0.115,0.175,0.105,0.123,,,,
ADM3_Pakundia,0.413,0.863,0.0,0.0,0.12,0.177,0.0,0.0,,,,,,,,,0.998,1.303,6.352,8.486,0.133,0.198,0.083,0.1,,,,
ADM3_Palash,0.603,1.067,0.0,0.0,0.123,0.18,0.0,0.0,,,,,,,,,1.094,1.399,6.598,8.698,0.128,0.191,0.093,0.111,,,,
ADM3_Palashbari,0.343,0.824,0.0,0.0,0.115,0.171,0.0,0.0,,,,,,,,,0.849,1.15,5.266,7.575,0.131,0.196,0.065,0.08,,,,
ADM3_Pallabi,0.622,1.068,0.0,0.0,0.124,0.181,0.0,0.0,,,,,,,,,1.142,1.45,6.894,8.946,0.131,0.195,0.1,0.118,,,,
ADM3_Paltan,0.606,1.043,0.0,0.0,0.126,0.182,0.0,0.0,,,,,,,,,1.13,1.438,7.027,9.113,0.131,0.194,0.105,0.125,,,,
ADM3_PanchagarhSadar,0.278,0.628,0.0,0.0,0.099,0.148,0.0,0.0,0.974,1.167,0.0,0.0,,,,,0.634,0.901,4.262,6.37,0.11,0.167,0.047,0.06,,,,
ADM3_Panchbibi,0.323,0.795,0.0,0.0,0.115,0.171,0.0,0.0,,,,,,,,,0.857,1.159,5.275,7.559,0.132,0.198,0.063,0.079,0.144,0.193,0.004,0.008
ADM3_Panchhari,0.738,1.1,0.0,0.0,0.118,0.166,0.0,0.0,,,,,,,,,0.822,1.073,5.778,7.612,0.115,0.173,0.074,0.088,,,,
ADM3_Panchlaish,,,,,,,,,,,,,,,,,,,,,,,,,,,,
ADM3_Pangsha,0.385,0.808,0.0,0.0,0.118,0.175,0.0,0.0,,,,,,,,,1.14,1.461,7.163,9.266,0.12,0.184,0.091,0.108,,,,
ADM3_Parbatipur,0.402,0.893,0.0,0.0,0.113,0.167,0.0,0.0,,,,,,,,,0.787,1.095,4.725,7.118,0.127,0.194,0.057,0.072,,,,
ADM3_Parshuram,0.422,0.829,0.0,0.0,0.119,0.175,0.0,0.0,,,,,,,,,1.048,1.336,6.796,8.911,0.132,0.197,0.091,0.106,,,,
ADM3_Patenga,,,,,,,,,,,,,,,,,,,,,,,,,,,,
ADM3_Patgram,0.162,0.351,0.0,0.0,0.055,0.083,0.0,0.0,0.141,0.169,0.0,0.0,,,,,0.236,0.336,1.543,2.349,0.054,0.081,0.022,0.028,0.127,0.175,0.005,0.009
ADM3_Patharghata,0.329,0.731,0.0,0.0,0.138,0.196,0.0,0.0,,,,,,,,,1.189,1.486,8.125,10.349,0.109,0.172,0.107,0.122,,,,
ADM3_Patiya,0.639,1.026,0.0,0.0,0.127,0.182,0.0,0.0,,,,,,,,,1.191,1.479,8.019,10.086,0.138,0.203,0.113,0.129,,,,
ADM3_Patnitala,0.298,0.766,0.0,0.0,0.116,0.172,0.0,0.0,,,,,,,,,0.872,1.179,5.436,7.686,0.129,0.194,0.062,0.077,0.803,1.133,0.006,0.024
ADM3_PatuakhaliSadar,0.372,0.758,0.0,0.0,0.123,0.18,0.0,0.0,,,,,,,,,1.129,1.43,7.22,9.391,0.124,0.189,0.099,0.115,,,,
ADM3_Pekua,,,,,,,,,,,,,,,,,,,,,,,,,,,,
ADM3_Phulbari,0.271,0.594,0.0,0.0,0.098,0.147,0.0,0.0,,,,,,,,,0.494,0.688,3.083,4.641,0.074,0.112,0.033,0.042,,,,
ADM3_Phulpur,0.433,0.889,0.0,0.0,0.116,0.172,0.0,0.0,,,,,,,,,0.887,1.18,5.443,7.614,0.133,0.198,0.072,0.089,0.84,1.169,0.009,0.027
ADM3_Phultala,0.377,0.788,0.0,0.0,0.126,0.183,0.0,0.0,,,,,,,,,1.138,1.435,7.372,9.447,0.125,0.19,0.097,0.113,,,,
ADM3_Pirgachha,0.365,0.838,0.0,0.0,0.113,0.169,0.0,0.0,,,,,,,,,0.797,1.096,4.835,7.216,0.126,0.192,0.06,0.075,,,,
ADM3_Pirganj_117283,0.374,0.865,0.0,0.0,0.114,0.169,0.0,0.0,,,,,,,,,0.816,1.124,4.997,7.382,0.127,0.193,0.06,0.076,,,,
ADM3_Pirganj_912558,0.35,0.815,0.0,0.0,0.117,0.175,0.0,0.0,,,,,,,,,0.753,1.069,4.744,7.041,0.125,0.191,0.053,0.069,,,,
ADM3_PirojpurSadar,0.353,0.74,0.0,0.0,0.129,0.186,0.0,0.0,,,,,,,,,1.111,1.397,7.384,9.497,0.126,0.191,0.098,0.113,,,,
ADM3_Porsha,0.161,0.42,0.0,0.0,0.067,0.099,0.0,0.0,0.139,0.166,0.0,0.0,,,,,0.506,0.681,3.179,4.45,0.072,0.11,0.036,0.044,0.476,0.665,0.004,0.015
ADM3_Purbadhala,0.441,0.886,0.0,0.0,0.115,0.171,0.0,0.0,,,,,,,,,0.893,1.184,5.472,7.629,0.132,0.198,0.075,0.091,0.853,1.184,0.008,0.026
ADM3_Puthia,0.292,0.712,0.0,0.0,0.117,0.173,0.0,0.0,,,,,,,,,0.999,1.304,6.279,8.422,0.125,0.19,0.076,0.091,,,,
ADM3_Rajapur,0.386,0.791,0.0,0.0,0.126,0.183,0.0,0.0,,,,,,,,,1.116,1.401,7.412,9.695,0.128,0.194,0.099,0.115,,,,
ADM3_Rajarhat,0.38,0.878,0.0,0.0,0.113,0.17,0.0,0.0,,,,,,,,,0.79,1.106,4.761,7.095,0.123,0.188,0.059,0.076,,,,
ADM3_Rajasthali,1.056,1.468,0.0,0.0,0.139,0.194,0.0,0.0,,,,,,,,,1.103,1.396,7.766,9.846,0.137,0.204,0.106,0.121,,,,
ADM3_RajbariSadar,0.326,0.726,0.0,0.0,0.12,0.177,0.0,0.0,,,,,,,,,1.12,1.426,7.183,9.293,0.124,0.189,0.092,0.108,,,,
ADM3_Rajnagar,0.389,0.764,0.0,0.0,0.131,0.187,0.0,0.0,,,,,,,,,0.975,1.263,6.723,8.925,0.129,0.194,0.092,0.107,,,,
ADM3_Rajoir,0.407,0.809,0.0,0.0,0.123,0.18,0.0,0.0,,,,,,,,,1.159,1.47,7.473,9.532,0.121,0.185,0.097,0.114,,,,
ADM3_Rajpara,0.34,0.816,0.0,0.0,0.112,0.17,0.0,0.0,,,,,,,,,1.029,1.352,6.271,8.408,0.122,0.187,0.075,0.092,,,,
ADM3_Ramganj,0.559,1.014,0.0,0.0,0.119,0.176,0.0,0.0,,,,,,,,,1.153,1.454,7.087,9.302,0.127,0.19,0.1,0.118,,,,
ADM3_Ramgarh,0.633,1.042,0.0,0.0,0.132,0.187,0.0,0.0,,,,,,,,,1.051,1.341,7.279,9.375,0.136,0.202,0.097,0.112,,,,
ADM3_Ramgati,,,,,,,,,,,,,,,,,,,,,,,,,,,,
ADM3_Ramna,0.606,1.043,0.0,0.0,0.126,0.182,0.0,0.0,,,,,,,,,1.13,1.438,7.027,9.113,0.131,0.194,0.105,0.125,,,,
ADM3_Rampal,0.398,0.793,0.0,0.0,0.129,0.186,0.0,0.0,,,,,,,,,1.173,1.48,7.675,9.717,0.122,0.185,0.101,0.117,,,,
ADM3_Rampura,0.591,1.003,0.0,0.0,0.125,0.181,0.0,0.0,,,,,,,,,1.154,1.461,7.107,9.134,0.13,0.194,0.102,0.12,,,,
ADM3_Ramu,0.786,1.153,0.0,0.0,0.148,0.202,0.0,0.0,,,,,,,,,1.151,1.436,8.28,10.388,0.147,0.21,0.125,0.141,,,,
ADM3_RangamatiSadar,0.942,1.364,0.0,0.0,0.13,0.186,0.0,0.0,,,,,,,,,1.086,1.379,7.527,9.63,0.134,0.199,0.105,0.122,,,,
ADM3_RangpurSadar,0.399,0.895,0.0,0.0,0.113,0.169,0.0,0.0,,,,,,,,,0.796,1.106,4.791,7.177,0.125,0.192,0.06,0.076,,,,
ADM3_Rangunia,0.799,1.23,0.0,0.0,0.127,0.183,0.0,0.0,,,,,,,,,1.154,1.454,7.54,9.607,0.133,0.197,0.109,0.125,,,,
ADM3_Raninagar,0.355,0.797,0.0,0.0,0.117,0.173,0.0,0.0,,,,,,,,,0.939,1.248,5.734,7.901,0.128,0.193,0.071,0.087,,,,
ADM3_Ranisankail,0.339,0.772,0.0,0.0,0.121,0.178,0.0,0.0,,,,,,,,,0.735,1.047,4.882,7.249,0.126,0.192,0.053,0.068,,,,
ADM3_Raozan,0.71,1.12,0.0,0.0,0.127,0.183,0.0,0.0,,,,,,,,,1.248,1.547,7.961,10.026,0.134,0.197,0.118,0.135,,,,
ADM3_Raumari,0.335,0.702,0.0,0.0,0.106,0.158,0.0,0.0,0.14,0.168,0.0,0.0,,,,,0.441,0.611,2.855,4.027,0.083,0.127,0.041,0.052,0.133,0.181,0.004,0.008
ADM3_Rowangchhari,1.206,1.616,0.0,0.0,0.141,0.196,0.0,0.0,,,,,,,,,1.099,1.397,7.783,9.832,0.137,0.204,0.105,0.121,,,,
ADM3_Royganj,0.458,0.92,0.0,0.0,0.118,0.174,0.0,0.0,,,,,,,,,1.026,1.336,6.192,8.297,0.129,0.193,0.081,0.097,,,,
ADM3_Roypur,0.414,0.811,0.0,0.0,0.119,0.176,0.0,0.0,,,,,,,,,1.062,1.345,6.819,8.949,0.132,0.197,0.097,0.113,,,,
ADM3_Roypura,0.439,0.901,0.0,0.0,0.121,0.178,0.0,0.0,,,,,,,,,1.054,1.357,6.681,8.84,0.127,0.192,0.09,0.107,,,,
ADM3_Ruma,1.365,1.748,0.0,0.0,0.14,0.195,0.0,0.0,,,,,,,,,1.084,1.378,7.62,9.654,0.138,0.206,0.103,0.118,,,,
ADM3_Rupganj,0.557,0.984,0.0,0.0,0.123,0.18,0.0,0.0,,,,,,,,,1.12,1.426,6.869,8.892,0.128,0.191,0.096,0.113,,,,
ADM3_Rupsa,0.311,0.694,0.0,0.0,0.127,0.184,0.0,0.0,,,,,,,,,1.172,1.482,7.932,10.009,0.12,0.184,0.101,0.118,,,,
ADM3_Sabujbagh,0.591,1.003,0.0,0.0,0.125,0.181,0.0,0.0,,,,,,,,,1.154,1.461,7.107,9.134,0.13,0.194,0.102,0.12,,,,
ADM3_Sadarpur,0.371,0.758,0.0,0.0,0.122,0.179,0.0,0.0,,,,,,,,,1.133,1.447,7.394,9.48,0.123,0.187,0.093,0.11,,,,
ADM3_Sadullapur,0.37,0.877,0.0,0.0,0.115,0.171,0.0,0.0,,,,,,,,,0.828,1.137,5.095,7.43,0.129,0.195,0.063,0.079,,,,
ADM3_Saghatta,0.348,0.823,0.0,0.0,0.117,0.173,0.0,0.0,,,,,,,,,0.864,1.158,5.441,7.64,0.133,0.198,0.068,0.084,,,,
ADM3_Saidpur,0.383,0.844,0.0,0.0,0.114,0.169,0.0,0.0,,,,,,,,,0.767,1.064,4.76,7.171,0.13,0.197,0.058,0.073,,,,
ADM3_Sakhipur,0.371,0.801,0.0,0.0,0.121,0.178,0.0,0.0,,,,,,,,,0.981,1.282,6.317,8.41,0.131,0.196,0.08,0.096,,,,
ADM3_Saltha,0.363,0.746,0.0,0.0,0.123,0.18,0.0,0.0,,,,,,,,,1.153,1.457,7.558,9.655,0.124,0.188,0.095,0.111,,,,
ADM3_Sandwip,,,,,,,,,,,,,,,,,,,,,,,,,,,,
ADM3_Santhia,0.31,0.74,0.0,0.0,0.119,0.175,0.0,0.0,,,,,,,,,1.063,1.374,6.822,8.943,0.125,0.19,0.086,0.102,,,,
ADM3_Sapahar,0.285,0.742,0.0,0.0,0.116,0.172,0.0,0.0,0.557,0.668,0.0,0.0,,,,,0.865,1.175,5.54,7.801,0.127,0.192,0.061,0.076,0.139,0.187,0.004,0.008
ADM3_Sarail,0.562,0.995,0.0,0.0,0.119,0.175,0.0,0.0,,,,,,,,,1.078,1.375,6.439,8.529,0.127,0.188,0.094,0.111,,,,
ADM3_Sarankhola,0.353,0.757,0.0,0.0,0.136,0.193,0.0,0.0,,,,,,,,,1.207,1.501,8.342,10.631,0.121,0.187,0.109,0.125,,,,
ADM3_Sariakandi,0.525,0.985,0.0,0.0,0.116,0.172,0.0,0.0,,,,,,,,,0.945,1.255,5.548,7.611,0.129,0.193,0.074,0.09,,,,
ADM3_Sarishabari,0.363,0.778,0.0,0.0,0.12,0.177,0.0,0.0,,,,,,,,,0.926,1.224,5.936,8.015,0.132,0.197,0.074,0.09,,,,
ADM3_Satkania,0.681,1.091,0.0,0.0,0.136,0.192,0.0,0.0,,,,,,,,,1.205,1.503,8.017,10.08,0.134,0.198,0.116,0.133,,,,
ADM3_SatkhiraSadar,0.317,0.608,0.0,0.0,0.089,0.13,0.0,0.0,,,,,,,,,0.902,1.127,5.903,7.374,0.078,0.122,0.074,0.086,,,,
ADM3_Saturia,0.426,0.827,0.0,0.0,0.122,0.178,0.0,0.0,,,,,,,,,1.06,1.362,6.605,8.722,0.128,0.193,0.088,0.104,,,,
ADM3_Savar,0.642,1.085,0.0,0.0,0.123,0.179,0.0,0.0,,,,,,,,,1.112,1.421,6.553,8.607,0.129,0.193,0.095,0.112,,,,
ADM3_Senbagh,0.525,0.928,0.0,0.0,0.112,0.169,0.0,0.0,,,,,,,,,1.156,1.466,6.29,8.313,0.112,0.175,0.095,0.111,,,,
ADM3_Serajdikhan,0.604,1.026,0.0,0.0,0.123,0.18,0.0,0.0,,,,,,,,,1.13,1.439,6.812,8.901,0.128,0.192,0.095,0.113,,,,
ADM3_ShahAli,0.622,1.068,0.0,0.0,0.124,0.181,0.0,0.0,,,,,,,,,1.142,1.45,6.894,8.946,0.131,0.195,0.1,0.118,,,,
ADM3_ShahMakhdum,0.542,1.006,0.0,0.0,0.114,0.171,0.0,0.0,,,,,,,,,1.087,1.41,6.258,8.373,0.122,0.185,0.082,0.099,,,,
ADM3_Shahbagh,0.606,1.043,0.0,0.0,0.126,0.182,0.0,0.0,,,,,,,,,1.13,1.438,7.027,9.113,0.131,0.194,0.105,0.125,,,,
ADM3_Shahjadpur,0.433,0.856,0.0,0.0,0.119,0.176,0.0,0.0,,,,,,,,,1.051,1.359,6.478,8.578,0.127,0.191,0.087,0.103,,,,
ADM3_Shahrasti,0.595,1.001,0.0,0.0,0.119,0.176,0.0,0.0,,,,,,,,,1.152,1.452,7.146,9.345,0.125,0.189,0.099,0.117,,,,
ADM3_Shailkupa,0.315,0.77,0.0,0.0,0.117,0.174,0.0,0.0,,,,,,,,,1.123,1.445,7.158,9.27,0.121,0.186,0.089,0.106,,,,
ADM3_Shajahanpur,0.344,0.809,0.0,0.0,0.116,0.173,0.0,0.0,,,,,,,,,0.94,1.249,5.79,7.955,0.129,0.194,0.073,0.088,,,,
ADM3_Shalikha,0.381,0.828,0.0,0.0,0.12,0.177,0.0,0.0,,,,,,,,,1.138,1.459,7.183,9.273,0.124,0.188,0.094,0.11,,,,
ADM3_ShariatpurSadar,0.526,0.928,0.0,0.0,0.12,0.176,0.0,0.0,,,,,,,,,1.14,1.439,7.061,9.146,0.129,0.193,0.096,0.113,,,,
ADM3_Sharsha,0.224,0.481,0.0,0.0,0.07,0.103,0.0,0.0,,,,,,,,,0.657,0.833,4.149,5.385,0.071,0.108,0.054,0.063,,,,
ADM3_SherebanglaNagar,0.606,1.043,0.0,0.0,0.126,0.182,0.0,0.0,,,,,,,,,1.13,1.438,7.027,9.113,0.131,0.194,0.105,0.125,,,,
ADM3_Sherpur,0.355,0.803,0.0,0.0,0.117,0.174,0.0,0.0,,,,,,,,,0.957,1.259,5.917,8.091,0.13,0.196,0.075,0.09,,,,
ADM3_SherpurSadar,0.392,0.836,0.0,0.0,0.119,0.176,0.0,0.0,,,,,,,,,0.888,1.186,5.542,7.677,0.134,0.198,0.071,0.087,,,,
ADM3_ShibChar,0.399,0.806,0.0,0.0,0.124,0.18,0.0,0.0,,,,,,,,,1.141,1.446,7.352,9.49,0.126,0.19,0.097,0.114,,,,
ADM3_Shibalaya,0.355,0.74,0.0,0.0,0.121,0.178,0.0,0.0,,,,,,,,,1.047,1.349,6.649,8.766,0.126,0.191,0.087,0.102,,,,
ADM3_Shibganj_340057,0.351,0.813,0.0,0.0,0.116,0.172,0.0,0.0,,,,,,,,,0.884,1.185,5.437,7.654,0.132,0.197,0.068,0.084,,,,
ADM3_Shibganj_581700,0.287,0.648,0.0,0.0,0.09,0.134,0.0,0.0,0.138,0.167,0.0,0.0,,,,,0.686,0.915,4.152,5.654,0.09,0.137,0.052,0.064,,,,
ADM3_Shibpur,0.446,0.905,0.0,0.0,0.121,0.178,0.0,0.0,,,,,,,,,1.044,1.348,6.574,8.748,0.128,0.192,0.089,0.106,,,,
ADM3_Shyamnagar,0.338,0.725,0.0,0.0,0.126,0.18,0.0,0.0,,,,,,,,,1.179,1.465,7.865,9.832,0.111,0.17,0.102,0.117,,,,
ADM3_Shyampur,0.584,0.999,0.0,0.0,0.124,0.181,0.0,0.0,,,,,,,,,1.166,1.472,7.078,9.153,0.13,0.193,0.101,0.119,,,,
ADM3_Singair,0.582,1.016,0.0,0.0,0.122,0.178,0.0,0.0,,,,,,,,,1.102,1.413,6.597,8.719,0.131,0.194,0.092,0.109,,,,
ADM3_Singra,0.385,0.801,0.0,0.0,0.118,0.174,0.0,0.0,,,,,,,,,0.975,1.28,5.938,8.081,0.128,0.192,0.077,0.093,,,,
ADM3_SirajganjSadar,0.473,0.917,0.0,0.0,0.12,0.176,0.0,0.0,,,,,,,,,1.004,1.31,6.163,8.2,0.129,0.193,0.083,0.099,,,,
ADM3_Sitakunda,,,,,,,,,,,,,,,,,,,,,,,,,,,,
ADM3_Sonadanga,0.515,0.936,0.0,0.0,0.127,0.184,0.0,0.0,,,,,,,,,1.255,1.566,7.794,9.905,0.121,0.183,0.108,0.126,,,,
ADM3_Sonagazi,0.532,0.958,0.0,0.0,0.122,0.177,0.0,0.0,,,,,,,,,1.135,1.426,7.234,9.327,0.136,0.2,0.105,0.122,,,,
ADM3_Sonaimuri,0.365,0.743,0.0,0.0,0.114,0.171,0.0,0.0,,,,,,,,,1.069,1.366,6.456,8.487,0.121,0.185,0.091,0.108,,,,
ADM3_Sonargaon,0.568,1.001,0.0,0.0,0.123,0.179,0.0,0.0,,,,,,,,,1.127,1.431,6.917,8.921,0.126,0.189,0.097,0.114,,,,
ADM3_Sonatola,0.354,0.805,0.0,0.0,0.116,0.172,0.0,0.0,,,,,,,,,0.914,1.215,5.649,7.743,0.13,0.195,0.072,0.087,,,,
ADM3_Sreebardi,0.395,0.847,0.0,0.0,0.12,0.177,0.0,0.0,1.015,1.209,0.0,0.0,,,,,0.846,1.138,5.392,7.571,0.134,0.199,0.068,0.083,0.832,1.169,0.011,0.029
ADM3_Sreemangal,0.491,0.922,0.0,0.0,,,,,,,,,,,,,0.999,1.297,6.8,8.992,0.122,0.188,0.089,0.105,,,,
ADM3_Sreenagar,0.526,0.947,0.0,0.0,0.123,0.18,0.0,0.0,,,,,,,,,1.108,1.417,6.886,8.963,0.128,0.192,0.096,0.113,,,,
ADM3_Sreepur_021808,0.282,0.684,0.0,0.0,0.119,0.176,0.0,0.0,,,,,,,,,1.14,1.443,7.401,9.505,0.122,0.187,0.092,0.108,,,,
ADM3_Sreepur_171075,0.405,0.847,0.0,0.0,0.122,0.179,0.0,0.0,,,,,,,,,1.027,1.333,6.594,8.678,0.13,0.194,0.086,0.103,,,,
ADM3_Subarnachar,0.452,0.81,0.0,0.0,0.118,0.17,0.0,0.0,,,,,,,,,1.101,1.387,7.065,9.113,0.136,0.201,0.101,0.116,,,,
ADM3_Sujanagar,0.311,0.704,0.0,0.0,0.119,0.176,0.0,0.0,,,,,,,,,1.085,1.395,7.054,9.149,0.124,0.189,0.086,0.103,,,,
ADM3_Sulla,,,,,,,,,,,,,,,,,,,,,,,,,,,,
ADM3_SunamganjSadar,0.542,0.909,0.0,0.0,0.122,0.178,0.0,0.0,,,,,,,,,0.884,1.169,5.977,8.251,0.136,0.202,0.084,0.1,,,,
ADM3_Sundarganj,0.404,0.889,0.0,0.0,0.114,0.171,0.0,0.0,,,,,,,,,0.833,1.138,5.008,7.261,0.126,0.191,0.063,0.079,,,,
ADM3_Sutrapur,0.591,1.003,0.0,0.0,0.125,0.181,0.0,0.0,,,,,,,,,1.154,1.461,7.107,9.134,0.13,0.194,0.102,0.12,,,,
ADM3_SylhetSadar,0.518,0.882,0.0,0.0,0.124,0.18,0.0,0.0,,,,,,,,,0.94,1.227,6.233,8.462,0.134,0.199,0.089,0.105,,,,
ADM3_Tahirpur,0.661,1.062,0.0,0.0,0.118,0.172,0.0,0.0,,,,,,,,,0.843,1.127,5.397,7.649,0.137,0.203,0.08,0.095,,,,
ADM3_Tala,0.451,0.867,0.0,0.0,0.126,0.183,0.0,0.0,,,,,,,,,1.249,1.565,7.9,9.958,0.113,0.176,0.102,0.12,,,,
ADM3_TangailSadar,0.397,0.821,0.0,0.0,0.121,0.178,0.0,0.0,,,,,,,,,1.04,1.346,6.606,8.659,0.126,0.191,0.086,0.102,,,,
ADM3_Tanore,0.299,0.742,0.0,0.0,0.114,0.171,0.0,0.0,,,,,,,,,0.967,1.274,5.983,8.157,0.126,0.191,0.07,0.085,0.932,1.268,0.004,0.022
ADM3_Taraganj,0.378,0.849,0.0,0.0,0.114,0.168,0.0,0.0,,,,,,,,,0.772,1.072,4.757,7.161,0.129,0.196,0.057,0.072,,,,
ADM3_Tarail,0.371,0.79,0.0,0.0,0.119,0.176,0.0,0.0,,,,,,,,,0.954,1.238,6.138,8.365,0.133,0.199,0.082,0.098,,,,
ADM3_Tarash,0.402,0.833,0.0,0.0,0.117,0.174,0.0,0.0,,,,,,,,,0.993,1.303,6.042,8.16,0.128,0.193,0.078,0.094,,,,
ADM3_Tazumuddin,0.435,0.764,0.0,0.0,0.135,0.199,0.0,0.0,,,,,,,,,1.275,1.566,7.183,9.35,0.123,0.184,0.14,0.153,,,,
ADM3_Tejgaon,0.606,1.043,0.0,0.0,0.126,0.182,0.0,0.0,,,,,,,,,1.13,1.438,7.027,9.113,0.131,0.194,0.105,0.125,,,,
ADM3_TejgaonIndArea,0.606,1.043,0.0,0.0,0.126,0.182,0.0,0.0,,,,,,,,,1.13,1.438,7.027,9.113,0.131,0.194,0.105,0.125,,,,
ADM3_Teknaf,,,,,,,,,,,,,,,,,,,,,,,,,,,,
ADM3_Tentulia,0.177,0.386,0.0,0.0,0.062,0.092,0.0,0.0,0.318,0.381,0.0,0.0,0.067,0.099,0.0,0.0,0.301,0.438,1.969,2.981,0.056,0.086,0.023,0.03,0.493,0.691,0.02,0.035
ADM3_Terokhada,0.337,0.757,0.0,0.0,0.126,0.183,0.0,0.0,,,,,,,,,1.159,1.472,7.599,9.635,0.121,0.186,0.097,0.114,,,,
ADM3_ThakurgaonSadar,0.39,0.848,0.0,0.0,0.118,0.176,0.0,0.0,,,,,,,,,0.753,1.065,4.856,7.247,0.127,0.193,0.055,0.071,,,,
ADM3_Thanchi,1.43,1.812,0.0,0.0,0.142,0.196,0.0,0.0,1.027,1.216,0.0,0.0,,,,,1.062,1.355,7.473,9.514,0.14,0.207,0.105,0.121,1.482,1.829,0.037,0.064
ADM3_Titas,0.562,1.02,0.0,0.0,0.121,0.178,0.0,0.0,,,,,,,,,1.122,1.423,6.787,8.847,0.127,0.19,0.096,0.114,,,,
ADM3_Tongibari,0.685,1.081,0.0,0.0,0.125,0.181,0.0,0.0,,,,,,,,,1.15,1.451,6.918,8.947,0.129,0.191,0.103,0.12,,,,
ADM3_Trishal,0.372,0.822,0.0,0.0,0.118,0.175,0.0,0.0,,,,,,,,,0.956,1.256,6.023,8.159,0.131,0.196,0.078,0.095,,,,
ADM3_TungiPara,0.307,0.674,0.0,0.0,0.127,0.184,0.0,0.0,,,,,,,,,1.128,1.429,7.712,9.779,0.121,0.185,0.096,0.112,,,,
ADM3_Turag,0.622,1.068,0.0,0.0,0.124,0.181,0.0,0.0,,,,,,,,,1.142,1.45,6.894,8.946,0.131,0.195,0.1,0.118,,,,
ADM3_Ukhia,,,,,,,,,,,,,,,,,,,,,,,,,,,,
ADM3_Ulipur,0.345,0.806,0.0,0.0,0.115,0.172,0.0,0.0,,,,,,,,,0.79,1.089,4.907,7.167,0.124,0.189,0.06,0.075,,,,
ADM3_UllahPara,0.398,0.821,0.0,0.0,0.118,0.175,0.0,0.0,,,,,,,,,1.005,1.309,6.179,8.288,0.129,0.194,0.082,0.098,,,,
ADM3_UttarKhan,0.563,0.993,0.0,0.0,0.125,0.181,0.0,0.0,,,,,,,,,1.126,1.433,6.947,8.978,0.13,0.193,0.099,0.116,,,,
ADM3_Uttara,0.595,1.032,0.0,0.0,0.124,0.18,0.0,0.0,,,,,,,,,1.129,1.437,6.8,8.851,0.129,0.193,0.096,0.114,,,,
ADM3_Wazirpur,0.4,0.781,0.0,0.0,0.124,0.18,0.0,0.0,,,,,,,,,1.105,1.391,7.198,9.261,0.127,0.191,0.096,0.111,,,,
ADM3_Zakiganj,0.492,0.918,0.0,0.0,0.131,0.187,0.0,0.0,1.003,1.197,0.0,0.0,,,,,0.9,1.194,6.228,8.534,0.129,0.195,0.086,0.103,,,,
ADM3_Zanjira,0.451,0.83,0.0,0.0,0.125,0.181,0.0,0.0,,,,,,,,,1.144,1.447,7.364,9.496,0.125,0.189,0.097,0.113,,,,
ADM3_Zianagar,0.455,0.82,0.0,0.0,0.129,0.186,0.0,0.0,,,,,,,,,1.21,1.516,7.926,9.948,0.118,0.181,0.104,0.121,,,,
