site_id,aman_px,seen_px,aman_land_share,seen_share,not_green_share,water_share,weaker_share,mean_change
ADM3_Abhaynagar,1964,1804,0.115,0.919,0.024,0.003,0.025,0.045
ADM3_Adabor,0,0,0.0,,,,,
ADM3_Adamdighi,2975,1288,0.16,0.433,0.002,0.0,0.035,-0.038
ADM3_Aditmari,4940,4899,0.36,0.992,0.014,0.009,0.012,-0.002
ADM3_Agailjhara,640,629,0.03,0.983,,,,
ADM3_Ajmiriganj,1100,1100,0.086,1.0,0.092,0.027,0.045,0.02
ADM3_Akhaura,0,0,0.0,,,,,
ADM3_Akkelpur,4828,2533,0.261,0.525,0.001,0.0,0.006,-0.016
ADM3_Alamdanga,3722,1598,0.118,0.429,0.004,0.0,0.046,-0.037
ADM3_Alfadanga,731,678,0.079,0.927,0.04,0.015,0.056,-0.043
ADM3_Alikadam,799,798,0.011,0.999,,,,
ADM3_Amtali,9246,7605,0.141,0.823,0.031,0.001,0.148,-0.065
ADM3_Anowara,642,637,0.063,0.992,0.016,0.0,0.072,-0.029
ADM3_Araihazar,662,612,0.026,0.924,,,,
ADM3_Ashuganj,1316,1295,0.136,0.984,0.01,0.0,0.109,-0.01
ADM3_Assasuni,5420,5205,0.146,0.96,0.129,0.029,0.113,-0.075
ADM3_Atgharia,1489,1274,0.114,0.856,0.002,0.0,0.09,-0.038
ADM3_Atpara,747,739,0.028,0.989,,,,
ADM3_Atrai,3817,2726,0.145,0.714,0.015,0.0,0.077,-0.003
ADM3_Atwari,8861,4333,0.497,0.489,0.001,0.0,0.029,-0.024
ADM3_Austagram,424,421,0.009,0.993,,,,
ADM3_Babuganj,421,405,0.019,0.962,,,,
ADM3_Badalgachhi,2623,1801,0.147,0.687,0.001,0.0,0.016,-0.017
ADM3_Badarganj,12829,12811,0.419,0.999,0.004,0.001,0.006,-0.01
ADM3_Badda,0,0,0.0,,,,,
ADM3_BagatiPara,1137,392,0.058,0.345,0.003,0.0,0.046,-0.051
ADM3_BagerhatSadar,414,336,0.019,0.812,,,,
ADM3_Bagha,183,143,0.013,0.781,,,,
ADM3_BaghaiChhari,423,421,0.003,0.995,,,,
ADM3_BagherPara,6417,4847,0.337,0.755,0.0,0.0,0.007,-0.02
ADM3_Baghmara,3766,3273,0.147,0.869,0.073,0.007,0.058,-0.036
ADM3_Bahubal,4300,3658,0.155,0.851,0.02,0.001,0.04,0.03
ADM3_Bajitpur,1782,1516,0.066,0.851,0.087,0.013,0.195,-0.099
ADM3_Bakalia,4,4,0.007,1.0,,,,
ADM3_Bakerganj,2922,2547,0.036,0.872,,,,
ADM3_Bakshiganj,7184,7174,0.327,0.999,0.005,0.0,0.049,-0.027
ADM3_Balaganj,4181,1922,0.155,0.46,0.048,0.005,0.082,-0.009
ADM3_BaliaKandi,5410,4410,0.325,0.815,0.015,0.003,0.042,-0.023
ADM3_Baliadangi,15230,5569,0.556,0.366,0.0,0.0,0.016,-0.021
ADM3_Bamna,146,143,0.018,0.979,,,,
ADM3_BanariPara,277,266,0.017,0.96,,,,
ADM3_Banchharampur,954,901,0.033,0.944,,,,
ADM3_Bandar,287,234,0.034,0.815,,,,
ADM3_BandarbanSadar,205,193,0.007,0.941,,,,
ADM3_Bangshal,0,0,0.0,,,,,
ADM3_Baniachong,7804,7669,0.204,0.983,0.038,0.007,0.036,0.027
ADM3_Banshkhali,1240,845,0.051,0.681,0.06,0.002,0.451,-0.147
ADM3_Baraigram,3388,2652,0.118,0.783,0.003,0.0,0.062,-0.059
ADM3_BargunaSadar,733,704,0.02,0.96,,,,
ADM3_Barhatta,460,460,0.014,1.0,,,,
ADM3_BarisalSadarKotwali,1807,1679,0.045,0.929,,,,
ADM3_Barkal,360,360,0.008,1.0,,,,
ADM3_Barlekha,1057,1057,0.033,1.0,,,,
ADM3_Barura,745,645,0.023,0.866,,,,
ADM3_Basail,2891,2693,0.12,0.932,0.013,0.003,0.042,0.013
ADM3_Batiaghata,654,543,0.04,0.83,,,,
ADM3_Bauphal,5488,4965,0.072,0.905,0.105,0.005,0.153,-0.071
ADM3_BayejidBostami,21,20,0.007,0.952,,,,
ADM3_BeaniBazar,1605,1553,0.082,0.968,0.01,0.0,0.023,0.026
ADM3_Begumganj,1389,1160,0.057,0.835,0.016,0.002,0.032,-0.009
ADM3_Belabo,545,367,0.032,0.673,,,,
ADM3_BelaiChhari,292,287,0.004,0.983,,,,
ADM3_Belkuchi,2270,2270,0.14,1.0,0.009,0.003,0.015,0.005
ADM3_Bera,2659,2649,0.148,0.996,0.015,0.001,0.074,-0.02
ADM3_Betagi,64,61,0.003,0.953,,,,
ADM3_Bhairab,886,796,0.053,0.898,0.078,0.016,0.142,-0.053
ADM3_Bhaluka,3416,2673,0.037,0.782,,,,
ADM3_Bhandaria,47,44,0.002,0.936,,,,
ADM3_Bhanga,3047,2515,0.081,0.825,0.008,0.0,0.019,-0.014
ADM3_Bhangura,879,791,0.091,0.9,0.009,0.0,0.07,0.001
ADM3_Bhedarganj,3055,2248,0.084,0.736,0.009,0.0,0.061,-0.018
ADM3_Bheramara,1040,655,0.059,0.63,0.024,0.009,0.122,-0.08
ADM3_BholaSadar,3228,2773,0.069,0.859,0.051,0.006,0.145,-0.06
ADM3_Bholahat,1003,981,0.116,0.978,0.006,0.0,0.049,-0.036
ADM3_Bhuapur,1832,1760,0.114,0.961,0.036,0.014,0.084,0.0
ADM3_Bhurungamari,3296,3125,0.135,0.948,0.021,0.008,0.042,-0.018
ADM3_Bijoynagar,615,589,0.04,0.958,,,,
ADM3_BimanBandar,0,0,0.0,,,,,
ADM3_Biral,13222,10792,0.542,0.816,0.002,0.0,0.008,-0.02
ADM3_Birampur,8331,8145,0.401,0.978,0.002,0.0,0.006,-0.032
ADM3_Birganj,16396,13501,0.569,0.823,0.0,0.0,0.013,-0.025
ADM3_Bishwambarpur,265,265,0.02,1.0,,,,
ADM3_Bishwanath,2119,1740,0.146,0.821,0.057,0.011,0.086,-0.042
ADM3_Boalia,29,29,0.011,1.0,,,,
ADM3_Boalkhali,147,112,0.014,0.762,,,,
ADM3_Boalmari,5022,4398,0.182,0.876,0.004,0.001,0.056,-0.024
ADM3_Bochaganj,9809,8755,0.633,0.893,0.0,0.0,0.012,-0.027
ADM3_Boda,11408,5890,0.416,0.516,0.001,0.0,0.014,-0.015
ADM3_BograSadar,972,421,0.079,0.433,0.0,0.0,0.012,-0.005
ADM3_BrahmanPara,450,440,0.026,0.978,,,,
ADM3_BrahmanbariaSadar,2071,2003,0.084,0.967,0.017,0.001,0.117,-0.026
ADM3_Burhanuddin,4314,3666,0.094,0.85,0.044,0.0,0.187,-0.047
ADM3_Burichang,878,806,0.039,0.918,,,,
ADM3_Cantonment,0,0,0.0,,,,,
ADM3_ChakBazar,0,0,0.0,,,,,
ADM3_Chakaria,4527,2136,0.069,0.472,0.037,0.005,0.119,-0.076
ADM3_Chandanaish,666,485,0.031,0.728,,,,
ADM3_Chandgaon,19,19,0.014,1.0,,,,
ADM3_Chandina,1482,1311,0.033,0.885,,,,
ADM3_ChandpurSadar,1307,993,0.056,0.76,0.038,0.005,0.105,-0.046
ADM3_CharBhadrasan,897,774,0.05,0.863,0.012,0.003,0.072,-0.019
ADM3_CharFasson,10576,8272,0.112,0.782,0.03,0.004,0.104,-0.044
ADM3_CharRajibpur,2023,2023,0.243,1.0,0.017,0.007,0.082,-0.039
ADM3_Charghat,484,318,0.028,0.657,,,,
ADM3_Chatkhil,505,430,0.028,0.851,,,,
ADM3_Chatmohar,3914,3519,0.163,0.899,0.003,0.001,0.056,-0.027
ADM3_Chauddagram,89,79,0.005,0.888,,,,
ADM3_Chaugachha,4307,2336,0.145,0.542,0.009,0.0,0.04,-0.006
ADM3_Chauhali,1181,1180,0.071,0.999,0.043,0.012,0.043,-0.008
ADM3_Chhagalnaiya,149,149,0.016,1.0,,,,
ADM3_Chhatak,2695,2591,0.089,0.961,0.032,0.003,0.041,0.009
ADM3_Chilmari,1870,1870,0.116,1.0,0.035,0.011,0.09,-0.043
ADM3_Chirirbandar,9658,9544,0.438,0.988,0.001,0.0,0.002,-0.02
ADM3_Chitalmari,547,502,0.037,0.918,,,,
ADM3_ChittagongPort,13,13,0.015,1.0,,,,
ADM3_ChuadangaSadar,653,426,0.029,0.652,,,,
ADM3_Chunarughat,104,103,0.003,0.99,,,,
ADM3_ComillaAdarshaSadar,330,322,0.016,0.976,,,,
ADM3_ComillaSadarDakshin,104,95,0.004,0.913,,,,
ADM3_Companiganj_539746,748,728,0.037,0.973,,,,
ADM3_Companiganj_185666,1424,1286,0.079,0.903,0.043,0.002,0.03,0.013
ADM3_CoxsBazarSadar,2799,2246,0.131,0.802,0.053,0.017,0.092,-0.075
ADM3_Dacope,1567,1123,0.024,0.717,,,,
ADM3_Daganbhuiyan,23,23,0.002,1.0,,,,
ADM3_DakshinSunamganj,1870,1812,0.088,0.969,0.034,0.002,0.034,0.031
ADM3_DakshinSurma,2173,1092,0.164,0.503,0.05,0.001,0.062,-0.006
ADM3_Dakshinkhan,0,0,0.0,,,,,
ADM3_Damudya,334,308,0.025,0.922,,,,
ADM3_Damurhuda,753,413,0.035,0.548,,,,
ADM3_DarusSalam,0,0,0.0,,,,,
ADM3_Dashmina,3871,3108,0.126,0.803,0.049,0.003,0.144,-0.061
ADM3_Daudkandi,2506,2358,0.065,0.941,0.013,0.0,0.023,-0.01
ADM3_Daulatkhan,1841,1691,0.095,0.919,0.114,0.002,0.333,-0.152
ADM3_Daulatpur_839920,1967,1833,0.129,0.932,0.007,0.0,0.036,-0.014
ADM3_Daulatpur_050002,37,36,0.036,0.973,,,,
ADM3_Daulatpur_326946,3049,2477,0.095,0.812,0.027,0.016,0.054,-0.041
ADM3_Debhata,2991,2271,0.095,0.759,0.068,0.008,0.074,-0.016
ADM3_Debidwar,792,643,0.027,0.812,,,,
ADM3_Debiganj,13884,13338,0.461,0.961,0.003,0.0,0.008,-0.006
ADM3_Delduar,1440,921,0.091,0.64,0.0,0.0,0.021,-0.024
ADM3_Demra,0,0,0.0,,,,,
ADM3_Derai,731,642,0.026,0.878,,,,
ADM3_Dewanganj,6667,6645,0.298,0.997,0.021,0.005,0.088,-0.044
ADM3_Dhamoirhat,7571,7453,0.358,0.984,0.003,0.0,0.012,-0.012
ADM3_Dhamrai,431,304,0.01,0.705,,,,
ADM3_Dhanbari,3066,2618,0.279,0.854,0.01,0.0,0.029,-0.016
ADM3_Dhanmondi,0,0,0.0,,,,,
ADM3_Dharampasha,1371,1371,0.018,1.0,,,,
ADM3_Dhobaura,1089,1089,0.031,1.0,,,,
ADM3_Dhunat,2626,1603,0.152,0.61,0.003,0.001,0.033,-0.027
ADM3_Dhupchanchia,2915,862,0.254,0.296,0.001,0.0,0.008,-0.021
ADM3_Dighalia,263,201,0.049,0.764,,,,
ADM3_Dighinala,1761,1751,0.015,0.994,,,,
ADM3_Dimla,16937,16891,0.355,0.997,0.013,0.007,0.004,-0.006
ADM3_DinajpurSadar,11357,11314,0.457,0.996,0.002,0.0,0.004,-0.017
ADM3_Dohar,151,149,0.008,0.987,,,,
ADM3_Domar,12305,11771,0.503,0.957,0.002,0.0,0.006,-0.007
ADM3_DoubleMooring,5,4,0.01,0.8,,,,
ADM3_Dowarabazar,2774,2573,0.136,0.928,0.017,0.002,0.026,0.024
ADM3_Dumki,530,486,0.039,0.917,,,,
ADM3_Dumuria,3487,3163,0.11,0.907,0.033,0.001,0.058,0.02
ADM3_Durgapur_169588,808,808,0.021,1.0,,,,
ADM3_Durgapur_796536,801,766,0.058,0.956,0.026,0.0,0.054,-0.021
ADM3_Fakirhat,321,266,0.029,0.829,,,,
ADM3_Faridganj,1786,1618,0.053,0.906,0.009,0.0,0.051,0.009
ADM3_Faridpur,1713,1677,0.17,0.979,0.006,0.001,0.042,0.004
ADM3_FaridpurSadar,1741,1514,0.066,0.87,0.002,0.0,0.013,0.005
ADM3_Fatikchhari,1712,1578,0.032,0.922,,,,
ADM3_Fenchuganj,453,353,0.052,0.779,0.031,0.006,0.034,0.024
ADM3_FeniSadar,83,83,0.006,1.0,,,,
ADM3_Fulbari,6799,6778,0.423,0.997,0.003,0.0,0.004,-0.027
ADM3_Fulbaria,1977,1555,0.036,0.787,,,,
ADM3_Fulchhari,4863,4852,0.148,0.998,0.069,0.011,0.208,-0.105
ADM3_Fulgazi,86,83,0.012,0.965,,,,
ADM3_Gabtali,2158,755,0.126,0.35,0.0,0.0,0.011,-0.007
ADM3_Gaffargaon,8007,6787,0.108,0.848,0.052,0.009,0.052,-0.017
ADM3_GaibandhaSadar,5022,4999,0.197,0.995,0.012,0.005,0.022,-0.022
ADM3_Galachipa,28238,24715,0.235,0.875,0.047,0.003,0.123,-0.057
ADM3_Gangachara,7435,7090,0.4,0.954,0.023,0.013,0.018,-0.019
ADM3_Gangni,1653,1303,0.069,0.788,0.008,0.0,0.087,-0.019
ADM3_Gauripur,2343,2228,0.059,0.951,0.017,0.002,0.033,0.042
ADM3_Gaurnadi,144,119,0.007,0.826,,,,
ADM3_Gazaria,1325,1314,0.066,0.992,0.027,0.006,0.02,-0.012
ADM3_GazipurSadar,462,324,0.007,0.701,,,,
ADM3_Gendaria,0,0,0.0,,,,,
ADM3_Ghatail,3781,3328,0.063,0.88,0.036,0.003,0.049,-0.016
ADM3_Ghior,605,481,0.051,0.795,0.008,0.0,0.027,-0.001
ADM3_Ghoraghat,7365,7227,0.425,0.981,0.003,0.0,0.006,-0.011
ADM3_Goalandaghat,925,814,0.087,0.88,0.034,0.004,0.093,-0.033
ADM3_Gobindaganj,10719,9977,0.287,0.931,0.004,0.0,0.015,-0.016
ADM3_Godagari,13808,11996,0.359,0.869,0.011,0.002,0.021,-0.018
ADM3_Golabganj,2091,902,0.07,0.431,0.038,0.008,0.059,-0.001
ADM3_Gomastapur,6279,6133,0.282,0.977,0.021,0.01,0.027,-0.039
ADM3_GopalganjSadar,1226,1057,0.039,0.862,,,,
ADM3_Gopalpur,4022,3257,0.285,0.81,0.003,0.0,0.039,-0.033
ADM3_Gosairhat,834,680,0.039,0.815,,,,
ADM3_Gowainghat,5162,4557,0.124,0.883,0.016,0.001,0.028,0.022
ADM3_Gulshan,0,0,0.0,,,,,
ADM3_Gurudaspur,3799,1737,0.156,0.457,0.012,0.001,0.142,-0.057
ADM3_HabiganjSadar,5948,5555,0.23,0.934,0.026,0.004,0.052,0.024
ADM3_HaimChar,278,278,0.023,1.0,,,,
ADM3_Hajiganj,1345,1215,0.05,0.903,0.004,0.0,0.03,-0.012
ADM3_Hakimpur,9189,8648,0.516,0.941,0.002,0.0,0.008,-0.031
ADM3_Halishahar,10,10,0.012,1.0,,,,
ADM3_Haluaghat,2865,2864,0.058,1.0,0.008,0.0,0.008,0.06
ADM3_Harinakunda,1993,1456,0.094,0.731,0.003,0.0,0.036,-0.029
ADM3_Haripur,9076,8193,0.647,0.903,0.0,0.0,0.011,-0.032
ADM3_Harirampur,686,665,0.026,0.969,,,,
ADM3_Hathazari,634,595,0.027,0.938,,,,
ADM3_Hatibandha,8790,8781,0.269,0.999,0.034,0.021,0.008,-0.01
ADM3_Hatiya,6113,5893,0.071,0.964,0.043,0.01,0.08,-0.046
ADM3_Hazaribagh,0,0,0.0,,,,,
ADM3_Hizla,1735,1681,0.064,0.969,0.078,0.019,0.128,-0.088
ADM3_Homna,810,706,0.045,0.872,,,,
ADM3_Hossainpur,1765,1339,0.105,0.759,0.015,0.001,0.016,0.019
ADM3_Ishwardi,793,643,0.035,0.811,,,,
ADM3_Ishwarganj,2677,2087,0.069,0.78,0.034,0.001,0.033,0.021
ADM3_Islampur,3423,3399,0.148,0.993,0.094,0.004,0.219,-0.107
ADM3_Itna,346,346,0.007,1.0,,,,
ADM3_Jagannathpur,2103,1872,0.082,0.89,0.048,0.009,0.06,0.01
ADM3_Jaintiapur,2311,2244,0.086,0.971,0.032,0.003,0.034,0.006
ADM3_Jaldhaka,12649,12116,0.419,0.958,0.003,0.001,0.003,-0.001
ADM3_Jamalganj,75,75,0.003,1.0,,,,
ADM3_JamalpurSadar,12538,12114,0.208,0.966,0.007,0.001,0.037,-0.019
ADM3_Jatrabari,6,0,0.004,0.0,,,,
ADM3_JhalokatiSadar,181,172,0.006,0.95,,,,
ADM3_JhenaidahSadar,6528,4160,0.135,0.637,0.001,0.0,0.018,-0.006
ADM3_Jhenaigati,6268,6268,0.125,1.0,0.006,0.0,0.012,0.0
ADM3_Jhikargachha,5537,3327,0.176,0.601,0.008,0.001,0.029,-0.004
ADM3_JibanNagar,1442,1220,0.058,0.846,0.0,0.0,0.034,0.024
ADM3_JoypurhatSadar,6293,4184,0.269,0.665,0.001,0.0,0.005,-0.008
ADM3_JuraiChhari,98,98,0.002,1.0,,,,
ADM3_Juri,1000,999,0.048,0.999,,,,
ADM3_Kabirhat,355,339,0.037,0.955,,,,
ADM3_Kachua_371605,3603,3046,0.087,0.845,0.001,0.0,0.01,-0.009
ADM3_Kachua_342001,143,136,0.014,0.951,,,,
ADM3_Kadamtali,0,0,0.0,,,,,
ADM3_Kafrul,0,0,0.0,,,,,
ADM3_Kahaloo,2440,742,0.145,0.304,0.003,0.0,0.009,-0.017
ADM3_Kaharole,7962,5951,0.557,0.747,0.001,0.0,0.015,-0.022
ADM3_KalaPara,12368,9295,0.201,0.752,0.035,0.001,0.148,-0.067
ADM3_Kalabagan,0,0,0.0,,,,,
ADM3_Kalai,5830,4302,0.514,0.738,0.001,0.0,0.005,-0.025
ADM3_Kalaroa,1919,999,0.08,0.521,0.007,0.0,0.029,0.015
ADM3_Kalia,1120,1008,0.052,0.9,0.01,0.001,0.03,0.005
ADM3_Kaliakair,706,573,0.016,0.812,,,,
ADM3_Kaliganj_086039,640,591,0.02,0.923,,,,
ADM3_Kaliganj_882675,5950,3498,0.218,0.588,0.004,0.0,0.029,-0.024
ADM3_Kaliganj_663470,3828,2951,0.107,0.771,0.104,0.018,0.088,-0.063
ADM3_Kaliganj_098735,6555,6445,0.386,0.983,0.005,0.002,0.011,-0.005
ADM3_Kalihati,5427,5317,0.098,0.98,0.037,0.01,0.031,-0.009
ADM3_Kalkini,1196,1063,0.03,0.889,,,,
ADM3_Kalmakanda,1431,1431,0.027,1.0,,,,
ADM3_Kalukhali,2442,2096,0.213,0.858,0.018,0.004,0.032,-0.018
ADM3_Kamalganj,1952,665,0.05,0.341,0.003,0.0,0.036,0.004
ADM3_Kamalnagar,3389,3090,0.11,0.912,0.012,0.001,0.045,-0.001
ADM3_Kamarkhanda,1313,1275,0.122,0.971,0.002,0.0,0.045,-0.05
ADM3_KamrangirChar,0,0,0.0,,,,,
ADM3_Kanaighat,5347,5199,0.162,0.972,0.008,0.002,0.012,0.012
ADM3_Kanthalia,26,19,0.001,0.731,,,,
ADM3_Kapasia,739,613,0.015,0.829,,,,
ADM3_Kaptai,74,67,0.004,0.905,,,,
ADM3_Karimganj,1124,889,0.038,0.791,,,,
ADM3_Kasba,679,671,0.029,0.988,,,,
ADM3_Kashiani,1345,1243,0.067,0.924,0.003,0.0,0.014,0.006
ADM3_Katiadi,2193,1638,0.047,0.747,,,,
ADM3_Kaunia,2732,2728,0.276,0.999,0.017,0.01,0.014,-0.012
ADM3_Kawkhali,3,3,0.0,1.0,,,,
ADM3_KawkhaliBetbunia,57,43,0.002,0.754,,,,
ADM3_Kazipur,5341,4934,0.206,0.924,0.027,0.003,0.152,-0.081
ADM3_Kendua,2167,2131,0.051,0.983,0.003,0.0,0.008,0.056
ADM3_Keraniganj,291,275,0.011,0.945,,,,
ADM3_Keshabpur,1694,1534,0.095,0.906,0.031,0.003,0.055,0.014
ADM3_KhagrachhariSadar,384,370,0.017,0.964,,,,
ADM3_Khaliajuri,42,42,0.001,1.0,,,,
ADM3_Khalishpur,8,6,0.009,0.75,,,,
ADM3_KhanJahanAli,44,41,0.025,0.932,,,,
ADM3_Khansama,6197,4963,0.495,0.801,0.001,0.0,0.007,-0.009
ADM3_Khetlal,4884,3372,0.439,0.69,0.003,0.0,0.009,-0.023
ADM3_Khilgaon,0,0,0.0,,,,,
ADM3_Khilkhet,0,0,0.0,,,,,
ADM3_Khoksa,1251,541,0.168,0.432,0.007,0.0,0.508,-0.14
ADM3_KhulnaSadar,6,6,0.007,1.0,,,,
ADM3_Khulshi,2,2,0.002,1.0,,,,
ADM3_Kishoreganj,5860,5121,0.236,0.874,0.002,0.0,0.005,-0.001
ADM3_KishoreganjSadar,1633,1344,0.051,0.823,0.03,0.004,0.051,-0.003
ADM3_KotaliPara,1542,1525,0.035,0.989,,,,
ADM3_Kotchandpur,3702,3286,0.104,0.888,0.0,0.0,0.025,-0.005
ADM3_Kotwali_226647,3,3,0.005,1.0,,,,
ADM3_Kotwali_832933,0,0,0.0,,,,,
ADM3_Kotwali_291187,6849,4617,0.226,0.674,0.003,0.0,0.021,-0.019
ADM3_Koyra,2642,2594,0.03,0.982,,,,
ADM3_Kulaura,3837,2894,0.063,0.754,0.044,0.007,0.048,-0.012
ADM3_KuliarChar,732,441,0.051,0.602,0.02,0.002,0.243,-0.086
ADM3_Kumarkhali,2427,1198,0.129,0.494,0.043,0.009,0.234,-0.096
ADM3_KurigramSadar,2842,2836,0.152,0.998,0.027,0.01,0.031,-0.023
ADM3_KushtiaSadar,3605,1184,0.132,0.328,0.008,0.003,0.095,-0.044
ADM3_Kutubdia,336,84,0.068,0.25,,,,
ADM3_Lakhai,2952,2878,0.168,0.975,0.04,0.016,0.122,-0.025
ADM3_Laksam,526,440,0.028,0.837,,,,
ADM3_Lakshmichhari,13,11,0.001,0.846,,,,
ADM3_LakshmipurSadar,5597,4857,0.086,0.868,0.026,0.002,0.068,-0.02
ADM3_Lalbagh,0,0,0.0,,,,,
ADM3_Lalmohan,4816,3422,0.129,0.711,0.035,0.002,0.114,-0.052
ADM3_LalmonirhatSadar,5275,5241,0.283,0.994,0.019,0.009,0.024,-0.007
ADM3_Lalpur,2530,2023,0.078,0.8,0.057,0.037,0.064,-0.089
ADM3_Lama,820,465,0.014,0.567,,,,
ADM3_Langadu,410,406,0.011,0.99,,,,
ADM3_Lohagara_836566,2150,1000,0.079,0.465,0.004,0.0,0.133,-0.062
ADM3_Lohagara_691580,3088,2743,0.149,0.888,0.006,0.0,0.046,-0.014
ADM3_Lohajang,908,852,0.028,0.938,,,,
ADM3_Madan,871,871,0.026,1.0,,,,
ADM3_Madarganj,4005,3813,0.245,0.952,0.015,0.0,0.164,-0.084
ADM3_MadaripurSadar,2010,1254,0.05,0.624,,,,
ADM3_Madhabpur,2076,2064,0.101,0.994,0.015,0.002,0.052,0.045
ADM3_Madhukhali,4335,3353,0.267,0.773,0.015,0.006,0.055,-0.037
ADM3_Madhupur,3476,2354,0.063,0.677,0.03,0.003,0.048,-0.031
ADM3_MaguraSadar,8486,5206,0.206,0.613,0.001,0.0,0.013,0.016
ADM3_Mahadebpur,6573,6302,0.244,0.959,0.002,0.0,0.029,-0.02
ADM3_Mahalchhari,498,476,0.02,0.956,,,,
ADM3_Maheshkhali,1493,1057,0.051,0.708,0.449,0.194,0.084,-0.286
ADM3_Maheshpur,4123,3432,0.132,0.832,0.004,0.0,0.07,0.002
ADM3_Manda,5966,5406,0.207,0.906,0.023,0.003,0.043,-0.014
ADM3_Manikchhari,45,25,0.005,0.556,,,,
ADM3_ManikganjSadar,804,611,0.029,0.76,,,,
ADM3_Manirampur,4636,3721,0.15,0.803,0.014,0.002,0.039,-0.005
ADM3_Manohardi,2645,2077,0.097,0.785,0.006,0.0,0.014,-0.005
ADM3_Manoharganj,1633,1345,0.085,0.824,0.003,0.0,0.015,-0.003
ADM3_Manpura,3243,3209,0.153,0.99,0.079,0.004,0.129,-0.069
ADM3_Mathbaria,377,309,0.01,0.82,,,,
ADM3_Matihar,7,7,0.006,1.0,,,,
ADM3_Matiranga,422,317,0.013,0.751,,,,
ADM3_MatlabDakshin,1043,930,0.051,0.892,0.0,0.0,0.015,0.002
ADM3_MatlabUttar,1862,1365,0.031,0.733,,,,
ADM3_MaulviBazarSadar,5989,3338,0.243,0.557,0.022,0.003,0.049,0.012
ADM3_Meghna,293,289,0.02,0.986,,,,
ADM3_Mehendiganj,1396,1374,0.035,0.984,,,,
ADM3_MeherpurSadar,648,405,0.036,0.625,,,,
ADM3_Melandaha,3059,2997,0.168,0.98,0.044,0.001,0.238,-0.104
ADM3_Mirpur_169518,0,0,0.0,,,,,
ADM3_Mirpur_956594,4409,2302,0.129,0.522,0.006,0.0,0.152,-0.057
ADM3_Mirsharai,471,471,0.015,1.0,,,,
ADM3_Mirzaganj,203,192,0.008,0.946,,,,
ADM3_Mirzapur,3011,2413,0.06,0.801,0.007,0.001,0.01,0.006
ADM3_MithaPukur,12213,12170,0.339,0.996,0.004,0.0,0.01,-0.013
ADM3_Mithamain,535,535,0.017,1.0,,,,
ADM3_Mohammadpur_517929,0,0,0.0,,,,,
ADM3_Mohammadpur_792291,6619,4241,0.283,0.641,0.005,0.001,0.05,-0.027
ADM3_Mohanganj,1013,1013,0.028,1.0,,,,
ADM3_Mohanpur,1910,1432,0.173,0.75,0.015,0.0,0.064,-0.039
ADM3_Mollahat,205,171,0.017,0.834,,,,
ADM3_Mongla,601,567,0.007,0.943,,,,
ADM3_Morrelganj,623,595,0.013,0.955,,,,
ADM3_Motijheel,0,0,0.0,,,,,
ADM3_MujibNagar,616,553,0.077,0.898,0.009,0.0,0.065,-0.017
ADM3_Muksudpur,2227,2016,0.073,0.905,0.0,0.0,0.006,-0.01
ADM3_Muktagachha,5451,5074,0.123,0.931,0.024,0.0,0.025,0.017
ADM3_Muladi,1090,982,0.035,0.901,,,,
ADM3_MunshiganjSadar,6847,5645,0.224,0.824,0.007,0.001,0.029,-0.032
ADM3_Muradnagar,2670,2445,0.058,0.916,0.017,0.002,0.04,-0.019
ADM3_MymensinghSadar,4267,3890,0.081,0.912,0.045,0.002,0.048,0.003
ADM3_Nabiganj,8448,7732,0.281,0.915,0.039,0.006,0.035,0.006
ADM3_Nabinagar,4841,4600,0.099,0.95,0.008,0.001,0.068,-0.0
ADM3_Nachole,9238,9163,0.469,0.992,0.003,0.0,0.009,-0.012
ADM3_Nagarkanda,3434,3010,0.16,0.877,0.014,0.002,0.037,-0.013
ADM3_Nagarpur,2151,1699,0.111,0.79,0.001,0.0,0.03,-0.025
ADM3_Nageshwari,7128,7123,0.242,0.999,0.021,0.008,0.027,-0.014
ADM3_Naikhongchhari,411,327,0.011,0.796,,,,
ADM3_Nakla,1709,1709,0.071,1.0,0.011,0.001,0.031,0.014
ADM3_Nalchity,661,611,0.016,0.924,,,,
ADM3_Nalitabari,908,908,0.019,1.0,,,,
ADM3_Nandail,2738,2098,0.06,0.766,0.009,0.0,0.02,0.019
ADM3_Nandigram,1623,1068,0.088,0.658,0.005,0.0,0.026,-0.039
ADM3_Nangalkot,246,226,0.014,0.919,,,,
ADM3_Naniarchar,504,451,0.014,0.895,,,,
ADM3_NaogaonSadar,2796,2363,0.145,0.845,0.042,0.014,0.055,-0.03
ADM3_NarailSadar,6104,5340,0.228,0.875,0.005,0.0,0.012,0.021
ADM3_NarayanganjSadar,305,279,0.022,0.915,,,,
ADM3_Naria,944,705,0.026,0.747,,,,
ADM3_NarsingdiSadar,1015,920,0.033,0.906,,,,
ADM3_Nasirnagar,3955,3899,0.15,0.986,0.052,0.006,0.153,-0.042
ADM3_NatoreSadar,4136,2183,0.074,0.528,0.069,0.025,0.097,-0.067
ADM3_Nawabganj_222310,729,673,0.022,0.923,,,,
ADM3_Nawabganj_718336,11266,11108,0.346,0.986,0.002,0.0,0.005,-0.029
ADM3_NawabganjSadar,5376,5222,0.179,0.971,0.04,0.005,0.035,-0.029
ADM3_Nazirpur,1088,1022,0.039,0.939,,,,
ADM3_NesarabadSwarupkati,78,66,0.004,0.846,,,,
ADM3_NetrokonaSadar,843,842,0.018,0.999,,,,
ADM3_NewMarket,0,0,0.0,,,,,
ADM3_Niamatpur,20460,20205,0.66,0.988,0.001,0.0,0.004,-0.013
ADM3_Nikli,732,631,0.018,0.862,,,,
ADM3_NilphamariSadar,11232,10028,0.43,0.893,0.002,0.0,0.008,-0.007
ADM3_NoakhaliSadarSudharam,2222,1965,0.052,0.884,0.023,0.002,0.059,0.011
ADM3_Paba,1800,1639,0.059,0.911,0.098,0.02,0.072,-0.068
ADM3_PabnaSadar,2455,1973,0.083,0.804,0.106,0.06,0.063,-0.112
ADM3_Pahartali,2,2,0.003,1.0,,,,
ADM3_Paikgachha,2513,2383,0.067,0.948,0.174,0.038,0.119,-0.085
ADM3_Pakundia,3702,3179,0.091,0.859,0.008,0.001,0.018,0.01
ADM3_Palash,392,358,0.029,0.913,,,,
ADM3_Palashbari,4739,4726,0.189,0.997,0.003,0.001,0.015,-0.016
ADM3_Pallabi,0,0,0.0,,,,,
ADM3_Paltan,0,0,0.0,,,,,
ADM3_PanchagarhSadar,9421,6916,0.391,0.734,0.002,0.0,0.027,-0.022
ADM3_Panchbibi,18001,15799,0.432,0.878,0.002,0.0,0.009,-0.018
ADM3_Panchhari,212,179,0.007,0.844,,,,
ADM3_Panchlaish,3,3,0.007,1.0,,,,
ADM3_Pangsha,4088,3439,0.23,0.841,0.036,0.012,0.122,-0.078
ADM3_Parbatipur,14046,14004,0.442,0.997,0.001,0.0,0.004,-0.017
ADM3_Parshuram,174,172,0.025,0.989,,,,
ADM3_Patenga,45,45,0.023,1.0,,,,
ADM3_Patgram,6163,6163,0.213,1.0,0.001,0.0,0.002,0.002
ADM3_Patharghata,1113,984,0.036,0.884,,,,
ADM3_Patiya,431,352,0.017,0.817,,,,
ADM3_Patnitala,8855,8793,0.329,0.993,0.003,0.0,0.014,-0.012
ADM3_PatuakhaliSadar,1320,1072,0.026,0.812,,,,
ADM3_Pekua,1119,1048,0.118,0.937,0.112,0.017,0.206,-0.12
ADM3_Phulbari,2576,2496,0.225,0.969,0.012,0.003,0.017,0.001
ADM3_Phulpur,4139,4138,0.052,1.0,0.052,0.0,0.051,0.022
ADM3_Phultala,179,178,0.045,0.994,,,,
ADM3_Pirgachha,6134,6131,0.335,1.0,0.006,0.001,0.011,-0.017
ADM3_Pirganj_117283,7789,7788,0.274,1.0,0.003,0.0,0.018,-0.01
ADM3_Pirganj_912558,13555,13452,0.561,0.992,0.0,0.0,0.016,-0.029
ADM3_PirojpurSadar,99,95,0.004,0.96,,,,
ADM3_Porsha,5888,5862,0.318,0.996,0.008,0.001,0.012,-0.012
ADM3_Purbadhala,1348,1348,0.03,1.0,,,,
ADM3_Puthia,1010,729,0.048,0.722,,,,
ADM3_Rajapur,39,35,0.001,0.897,,,,
ADM3_Rajarhat,2491,2472,0.217,0.992,0.028,0.02,0.025,-0.036
ADM3_Rajasthali,65,64,0.006,0.985,,,,
ADM3_RajbariSadar,3398,3000,0.15,0.883,0.005,0.001,0.032,-0.018
ADM3_Rajnagar,4863,3449,0.21,0.709,0.1,0.022,0.09,-0.063
ADM3_Rajoir,1281,1145,0.051,0.894,0.0,0.0,0.011,0.003
ADM3_Rajpara,17,17,0.01,1.0,,,,
ADM3_Ramganj,487,409,0.02,0.84,,,,
ADM3_Ramgarh,76,67,0.004,0.882,,,,
ADM3_Ramgati,2286,2164,0.084,0.947,0.036,0.009,0.043,-0.004
ADM3_Ramna,0,0,0.0,,,,,
ADM3_Rampal,603,560,0.021,0.929,,,,
ADM3_Rampura,0,0,0.0,,,,,
ADM3_Ramu,3083,2834,0.075,0.919,0.019,0.004,0.093,-0.062
ADM3_RangamatiSadar,888,866,0.015,0.975,,,,
ADM3_RangpurSadar,6733,6725,0.301,0.999,0.003,0.0,0.007,-0.004
ADM3_Rangunia,4349,3866,0.083,0.889,0.003,0.0,0.034,-0.059
ADM3_Raninagar,2796,1643,0.11,0.588,0.033,0.005,0.095,-0.067
ADM3_Ranisankail,12271,12027,0.61,0.98,0.0,0.0,0.013,-0.026
ADM3_Raozan,1093,1048,0.046,0.959,,,,
ADM3_Raumari,5474,5474,0.39,1.0,0.004,0.0,0.021,-0.017
ADM3_Rowangchhari,118,116,0.004,0.983,,,,
ADM3_Royganj,2667,2089,0.143,0.783,0.003,0.0,0.022,-0.039
ADM3_Roypur,2416,2213,0.088,0.916,0.004,0.0,0.018,-0.013
ADM3_Roypura,2690,2474,0.061,0.92,0.025,0.006,0.107,-0.047
ADM3_Ruma,47,47,0.001,1.0,,,,
ADM3_Rupganj,382,342,0.015,0.895,,,,
ADM3_Rupsa,429,361,0.051,0.841,0.006,0.0,0.028,0.029
ADM3_Sabujbagh,0,0,0.0,,,,,
ADM3_Sadarpur,3598,2811,0.078,0.781,0.008,0.001,0.047,-0.02
ADM3_Sadullapur,2313,2313,0.142,1.0,0.008,0.0,0.018,-0.017
ADM3_Saghatta,2373,1932,0.142,0.814,0.038,0.007,0.056,-0.051
ADM3_Saidpur,1823,1820,0.218,0.998,0.002,0.001,0.007,-0.005
ADM3_Sakhipur,2009,1858,0.024,0.925,,,,
ADM3_Saltha,4449,3825,0.21,0.86,0.021,0.003,0.056,-0.027
ADM3_Sandwip,2172,1741,0.072,0.802,0.017,0.001,0.055,-0.029
ADM3_Santhia,6918,6864,0.294,0.992,0.0,0.0,0.031,-0.034
ADM3_Sapahar,4093,4089,0.241,0.999,0.008,0.002,0.01,-0.006
ADM3_Sarail,2581,2580,0.104,1.0,0.04,0.002,0.122,-0.023
ADM3_Sarankhola,136,132,0.003,0.971,,,,
ADM3_Sariakandi,3454,2895,0.122,0.838,0.042,0.004,0.176,-0.084
ADM3_Sarishabari,4247,4046,0.223,0.953,0.003,0.0,0.088,-0.049
ADM3_Satkania,1792,1299,0.065,0.725,0.009,0.0,0.109,-0.057
ADM3_SatkhiraSadar,5226,4166,0.13,0.797,0.02,0.0,0.036,0.049
ADM3_Saturia,886,529,0.048,0.597,,,,
ADM3_Savar,39,31,0.001,0.795,,,,
ADM3_Senbagh,239,213,0.021,0.891,,,,
ADM3_Serajdikhan,1091,918,0.045,0.841,,,,
ADM3_ShahAli,0,0,0.0,,,,,
ADM3_ShahMakhdum,28,28,0.033,1.0,,,,
ADM3_Shahbagh,0,0,0.0,,,,,
ADM3_Shahjadpur,1965,1962,0.087,0.998,0.008,0.001,0.024,0.013
ADM3_Shahrasti,209,194,0.01,0.928,,,,
ADM3_Shailkupa,4192,3663,0.161,0.874,0.001,0.0,0.027,-0.02
ADM3_Shajahanpur,1643,520,0.106,0.316,0.0,0.0,0.004,-0.008
ADM3_Shalikha,5181,3857,0.291,0.744,0.004,0.0,0.025,0.004
ADM3_ShariatpurSadar,601,527,0.025,0.877,,,,
ADM3_Sharsha,6554,4705,0.195,0.718,0.003,0.0,0.03,0.011
ADM3_SherebanglaNagar,0,0,0.0,,,,,
ADM3_Sherpur,3389,1328,0.164,0.392,0.003,0.0,0.02,-0.015
ADM3_SherpurSadar,8015,7965,0.164,0.994,0.01,0.001,0.068,-0.041
ADM3_ShibChar,5579,3615,0.087,0.648,0.012,0.001,0.042,-0.023
ADM3_Shibalaya,550,475,0.04,0.864,,,,
ADM3_Shibganj_340057,4402,2491,0.202,0.566,0.001,0.0,0.011,-0.013
ADM3_Shibganj_581700,1421,1288,0.034,0.906,,,,
ADM3_Shibpur,1402,1251,0.047,0.892,,,,
ADM3_Shyamnagar,4842,4487,0.044,0.927,,,,
ADM3_Shyampur,0,0,0.0,,,,,
ADM3_Singair,827,639,0.028,0.773,,,,
ADM3_Singra,5080,2466,0.132,0.485,0.02,0.002,0.086,-0.042
ADM3_SirajganjSadar,2434,2326,0.106,0.956,0.021,0.007,0.126,-0.069
ADM3_Sitakunda,227,221,0.009,0.974,,,,
ADM3_Sonadanga,3,3,0.005,1.0,,,,
ADM3_Sonagazi,962,956,0.066,0.994,0.04,0.032,0.062,-0.051
ADM3_Sonaimuri,1213,1092,0.064,0.9,0.002,0.0,0.028,-0.015
ADM3_Sonargaon,1394,1316,0.056,0.944,0.022,0.004,0.046,-0.02
ADM3_Sonatola,1472,289,0.135,0.196,,,,
ADM3_Sreebardi,4772,4772,0.163,1.0,0.003,0.0,0.023,-0.02
ADM3_Sreemangal,1475,872,0.036,0.591,,,,
ADM3_Sreenagar,959,822,0.035,0.857,,,,
ADM3_Sreepur_171075,1457,1094,0.021,0.751,,,,
ADM3_Sreepur_021808,3590,2451,0.283,0.683,0.001,0.0,0.036,-0.02
ADM3_Subarnachar,3885,3630,0.067,0.934,0.011,0.005,0.035,-0.016
ADM3_Sujanagar,5153,5056,0.226,0.981,0.002,0.0,0.042,-0.01
ADM3_Sulla,145,145,0.008,1.0,,,,
ADM3_SunamganjSadar,1638,1599,0.085,0.976,0.025,0.004,0.024,0.037
ADM3_Sundarganj,7279,7275,0.252,0.999,0.011,0.003,0.021,-0.025
ADM3_Sutrapur,0,0,0.0,,,,,
ADM3_SylhetSadar,443,329,0.02,0.743,,,,
ADM3_Tahirpur,349,347,0.012,0.994,,,,
ADM3_Tala,2803,2589,0.12,0.924,0.009,0.0,0.042,0.058
ADM3_TangailSadar,1761,1674,0.06,0.951,0.009,0.0,0.039,0.005
ADM3_Tanore,13064,11511,0.633,0.881,0.003,0.001,0.01,-0.014
ADM3_Taraganj,5835,5815,0.377,0.997,0.004,0.001,0.004,-0.005
ADM3_Tarail,1314,1291,0.066,0.982,0.023,0.002,0.034,0.048
ADM3_Tarash,4817,2508,0.188,0.521,0.032,0.004,0.12,-0.053
ADM3_Tazumuddin,6049,5189,0.22,0.858,0.07,0.016,0.092,-0.053
ADM3_Tejgaon,0,0,0.0,,,,,
ADM3_TejgaonIndArea,0,0,0.0,,,,,
ADM3_Teknaf,1994,1901,0.081,0.953,0.032,0.005,0.087,-0.05
ADM3_Tentulia,4893,4739,0.374,0.969,0.003,0.0,0.006,-0.001
ADM3_Terokhada,554,470,0.043,0.848,,,,
ADM3_ThakurgaonSadar,32693,17905,0.541,0.548,0.001,0.0,0.017,-0.029
ADM3_Thanchi,75,73,0.001,0.973,,,,
ADM3_Titas,565,515,0.038,0.912,,,,
ADM3_Tongibari,2123,2111,0.081,0.994,0.013,0.0,0.019,-0.022
ADM3_Trishal,3557,2840,0.076,0.798,0.074,0.008,0.057,-0.012
ADM3_TungiPara,798,726,0.07,0.91,0.037,0.0,0.062,-0.021
ADM3_Turag,0,0,0.0,,,,,
ADM3_Ukhia,974,830,0.033,0.852,,,,
ADM3_Ulipur,5659,5655,0.177,0.999,0.03,0.014,0.024,-0.029
ADM3_UllahPara,6529,6301,0.153,0.965,0.004,0.0,0.053,-0.025
ADM3_UttarKhan,4,1,0.001,0.25,,,,
ADM3_Uttara,0,0,0.0,,,,,
ADM3_Wazirpur,1171,1153,0.036,0.985,,,,
ADM3_Zakiganj,3459,3459,0.189,1.0,0.013,0.004,0.011,0.012
ADM3_Zanjira,3302,2448,0.071,0.741,0.036,0.013,0.045,-0.044
ADM3_Zianagar,63,63,0.004,1.0,,,,
