site_id,winter,aman_px,aman_green_px,flood_px,flood_green_px,area_px,aman_seen_px,winter_crop_share,flood_winter_share,aman_land_share
ADM3_Abhaynagar,2024-25,4183,3289,184,31,17140,17091,0.786,0.168,0.244
ADM3_Abhaynagar,2025-26,2250,1945,402,53,17140,17140,0.864,0.132,0.131
ADM3_Adabor,2024-25,0,0,0,0,320,231,,,0.0
ADM3_Adabor,2025-26,7,0,3,1,320,320,,,0.022
ADM3_Adamdighi,2024-25,8594,7535,2,2,18591,17573,0.877,,0.462
ADM3_Adamdighi,2025-26,7643,3596,1,0,18591,18591,0.47,,0.411
ADM3_Aditmari,2024-25,4219,4017,308,46,13741,9452,0.952,0.149,0.307
ADM3_Aditmari,2025-26,5760,4772,311,12,13741,13708,0.828,0.039,0.419
ADM3_Agailjhara,2024-25,2677,2652,27,23,21118,21118,0.991,,0.127
ADM3_Agailjhara,2025-26,2166,2034,12,0,21118,21118,0.939,,0.103
ADM3_Ajmiriganj,2024-25,2765,2742,2726,2434,12801,12801,0.992,0.893,0.216
ADM3_Ajmiriganj,2025-26,2545,2538,1856,1704,12801,11959,0.997,0.918,0.199
ADM3_Akhaura,2024-25,3045,1806,75,65,6678,6627,0.593,0.867,0.456
ADM3_Akhaura,2025-26,1348,263,29,10,6678,6678,0.195,,0.202
ADM3_Akkelpur,2024-25,6103,5756,0,0,18491,16653,0.943,,0.33
ADM3_Akkelpur,2025-26,8754,7944,0,0,18491,18489,0.907,,0.473
ADM3_Alamdanga,2024-25,9445,8853,2,1,31506,31172,0.937,,0.3
ADM3_Alamdanga,2025-26,6410,5740,7,6,31506,31506,0.895,,0.203
ADM3_Alfadanga,2024-25,3037,2943,429,24,9200,9200,0.969,0.056,0.33
ADM3_Alfadanga,2025-26,2392,2299,684,90,9200,9200,0.961,0.132,0.26
ADM3_Alikadam,2024-25,771,693,0,0,69586,67471,0.899,,0.011
ADM3_Alikadam,2025-26,882,829,16,14,69586,69067,0.94,,0.013
ADM3_Amtali,2024-25,4969,2575,1806,90,65750,65159,0.518,0.05,0.076
ADM3_Amtali,2025-26,18157,3560,1093,0,65750,65750,0.196,0.0,0.276
ADM3_Anowara,2024-25,508,54,249,0,10170,10170,0.106,0.0,0.05
ADM3_Anowara,2025-26,747,354,232,3,10170,10162,0.474,0.013,0.073
ADM3_Araihazar,2024-25,3067,2704,2743,740,25353,24351,0.882,0.27,0.121
ADM3_Araihazar,2025-26,3558,2566,2560,291,25353,25350,0.721,0.114,0.14
ADM3_Ashuganj,2024-25,2966,1997,803,159,9669,9601,0.673,0.198,0.307
ADM3_Ashuganj,2025-26,2616,1014,720,62,9669,9669,0.388,0.086,0.271
ADM3_Assasuni,2024-25,10376,2345,5617,558,37017,36898,0.226,0.099,0.28
ADM3_Assasuni,2025-26,3873,937,9859,562,37017,36954,0.242,0.057,0.105
ADM3_Atgharia,2024-25,3919,3530,0,0,13092,12965,0.901,,0.299
ADM3_Atgharia,2025-26,2712,2482,2,0,13092,13092,0.915,,0.207
ADM3_Atpara,2024-25,10851,10435,1181,1129,26271,26055,0.962,0.956,0.413
ADM3_Atpara,2025-26,1827,747,683,437,26271,17677,0.409,0.64,0.07
ADM3_Atrai,2024-25,13701,13510,134,106,26397,24009,0.986,0.791,0.519
ADM3_Atrai,2025-26,4593,3839,406,81,26397,26388,0.836,0.2,0.174
ADM3_Atwari,2024-25,9133,8641,8,7,17830,17825,0.946,,0.512
ADM3_Atwari,2025-26,8887,5350,0,0,17830,17830,0.602,,0.498
ADM3_Austagram,2024-25,1331,1148,37301,34381,49692,46961,0.863,0.922,0.027
ADM3_Austagram,2025-26,1813,1446,21121,16487,49692,39157,0.798,0.781,0.036
ADM3_Babuganj,2024-25,834,676,1863,45,22232,22188,0.811,0.024,0.038
ADM3_Babuganj,2025-26,1558,987,1892,33,22232,22232,0.634,0.017,0.07
ADM3_Badalgachhi,2024-25,7073,6656,0,0,17794,17513,0.941,,0.397
ADM3_Badalgachhi,2025-26,3522,2341,6,6,17794,17794,0.665,,0.198
ADM3_Badarganj,2024-25,11918,9199,2,0,30600,23200,0.772,,0.389
ADM3_Badarganj,2025-26,14472,6847,24,0,30600,30596,0.473,,0.473
ADM3_Badda,2024-25,566,39,18,8,5077,4765,0.069,,0.111
ADM3_Badda,2025-26,458,30,18,11,5077,5077,0.066,,0.09
ADM3_BagatiPara,2024-25,3172,3119,5,4,19509,18076,0.983,,0.163
ADM3_BagatiPara,2025-26,3269,3216,0,0,19509,19509,0.984,,0.168
ADM3_BagerhatSadar,2024-25,1389,808,2166,566,21993,21950,0.582,0.261,0.063
ADM3_BagerhatSadar,2025-26,527,282,2232,478,21993,21993,0.535,0.214,0.024
ADM3_Bagha,2024-25,681,604,3017,160,13837,12692,0.887,0.053,0.049
ADM3_Bagha,2025-26,708,591,2805,142,13837,13813,0.835,0.051,0.051
ADM3_BaghaiChhari,2024-25,300,82,2244,498,130779,129094,0.273,0.222,0.002
ADM3_BaghaiChhari,2025-26,605,309,1368,374,130779,128139,0.511,0.273,0.005
ADM3_BagherPara,2024-25,5204,4995,0,0,19051,19048,0.96,,0.273
ADM3_BagherPara,2025-26,6689,6585,0,0,19051,19051,0.984,,0.351
ADM3_Baghmara,2024-25,8066,7066,6,3,25702,25251,0.876,,0.314
ADM3_Baghmara,2025-26,4175,3705,956,109,25702,25702,0.887,0.114,0.162
ADM3_Bahubal,2024-25,9893,5961,2,2,27770,27770,0.603,,0.356
ADM3_Bahubal,2025-26,5109,3472,39,30,27770,27770,0.68,,0.184
ADM3_Bajitpur,2024-25,3221,2994,8777,6788,27174,26386,0.93,0.773,0.119
ADM3_Bajitpur,2025-26,3739,3123,4809,2793,27174,25742,0.835,0.581,0.138
ADM3_Bakalia,2024-25,9,0,15,0,572,572,,,0.016
ADM3_Bakalia,2025-26,24,0,9,0,572,572,,,0.042
ADM3_Bakerganj,2024-25,1863,947,6655,284,81899,79933,0.508,0.043,0.023
ADM3_Bakerganj,2025-26,6053,2122,6640,2,81899,81875,0.351,0.0,0.074
ADM3_Bakshiganj,2024-25,5305,5218,31,7,21959,21940,0.984,,0.242
ADM3_Bakshiganj,2025-26,8495,8178,195,75,21959,21959,0.963,0.385,0.387
ADM3_Balaganj,2024-25,5486,3364,5137,4385,26898,26898,0.613,0.854,0.204
ADM3_Balaganj,2025-26,4463,2105,3495,2956,26898,24290,0.472,0.846,0.166
ADM3_BaliaKandi,2024-25,6608,6470,6,0,16648,16648,0.979,,0.397
ADM3_BaliaKandi,2025-26,6119,6070,159,0,16648,16648,0.992,0.0,0.368
ADM3_Baliadangi,2024-25,15478,14671,2,0,27379,27374,0.948,,0.565
ADM3_Baliadangi,2025-26,15305,12538,4,0,27379,27379,0.819,,0.559
ADM3_Bamna,2024-25,36,12,1479,59,7988,7972,,0.04,0.005
ADM3_Bamna,2025-26,233,18,1449,0,7988,7988,0.077,0.0,0.029
ADM3_BanariPara,2024-25,1081,1035,1215,58,16551,16551,0.957,0.048,0.065
ADM3_BanariPara,2025-26,784,693,1236,7,16551,16551,0.884,0.006,0.047
ADM3_Banchharampur,2024-25,3127,2970,1618,684,28553,26505,0.95,0.423,0.11
ADM3_Banchharampur,2025-26,3797,3352,1468,284,28553,28553,0.883,0.193,0.133
ADM3_Bandar,2024-25,613,215,136,1,8343,7727,0.351,0.007,0.073
ADM3_Bandar,2025-26,520,214,295,0,8343,8343,0.412,0.0,0.062
ADM3_BandarbanSadar,2024-25,221,156,4,1,30800,25530,0.706,,0.007
ADM3_BandarbanSadar,2025-26,276,177,35,12,30800,30797,0.641,,0.009
ADM3_Bangshal,2024-25,0,0,0,0,200,110,,,0.0
ADM3_Bangshal,2025-26,0,0,0,0,200,200,,,0.0
ADM3_Baniachong,2024-25,15972,15230,7476,7005,38171,38104,0.954,0.937,0.418
ADM3_Baniachong,2025-26,12027,11354,5246,4742,38171,37472,0.944,0.904,0.315
ADM3_Banshkhali,2024-25,0,0,490,6,24550,24425,,0.012,0.0
ADM3_Banshkhali,2025-26,1178,154,530,1,24550,24510,0.131,0.002,0.048
ADM3_Baraigram,2024-25,7839,7488,5,5,28692,25193,0.955,,0.273
ADM3_Baraigram,2025-26,8056,7752,3,1,28692,28692,0.962,,0.281
ADM3_BargunaSadar,2024-25,476,111,1790,193,35793,35726,0.233,0.108,0.013
ADM3_BargunaSadar,2025-26,1311,58,1523,0,35793,35793,0.044,0.0,0.037
ADM3_Barhatta,2024-25,11828,11510,1799,1597,32152,31539,0.973,0.888,0.368
ADM3_Barhatta,2025-26,2216,673,1633,621,32152,31870,0.304,0.38,0.069
ADM3_BarisalSadarKotwali,2024-25,1371,743,4469,96,40455,39523,0.542,0.021,0.034
ADM3_BarisalSadarKotwali,2025-26,3173,1084,4211,34,40455,40187,0.342,0.008,0.078
ADM3_Barkal,2024-25,166,39,1514,162,45352,38609,0.235,0.107,0.004
ADM3_Barkal,2025-26,329,97,1389,157,45352,44639,0.295,0.113,0.007
ADM3_Barlekha,2024-25,2506,1072,3205,2818,31935,31902,0.428,0.879,0.078
ADM3_Barlekha,2025-26,1109,446,2791,2203,31935,27105,0.402,0.789,0.035
ADM3_Barura,2024-25,1198,1064,0,0,32761,30101,0.888,,0.037
ADM3_Barura,2025-26,3223,2550,0,0,32761,32761,0.791,,0.098
ADM3_Basail,2024-25,7499,7062,163,74,24133,24133,0.942,0.454,0.311
ADM3_Basail,2025-26,8130,7444,226,58,24133,24133,0.916,0.257,0.337
ADM3_Batiaghata,2024-25,5649,2817,1056,0,16354,16180,0.499,0.0,0.345
ADM3_Batiaghata,2025-26,1705,430,1120,19,16354,16354,0.252,0.017,0.104
ADM3_Bauphal,2024-25,2827,1789,7320,451,75814,70061,0.633,0.062,0.037
ADM3_Bauphal,2025-26,7826,1762,6562,0,75814,75770,0.225,0.0,0.103
ADM3_BayejidBostami,2024-25,84,13,1,0,3004,3003,0.155,,0.028
ADM3_BayejidBostami,2025-26,38,13,1,0,3004,3004,,,0.013
ADM3_BeaniBazar,2024-25,3696,1557,95,70,19583,19583,0.421,0.737,0.189
ADM3_BeaniBazar,2025-26,1664,885,497,119,19583,19450,0.532,0.239,0.085
ADM3_Begumganj,2024-25,2183,1958,5,5,24222,24216,0.897,,0.09
ADM3_Begumganj,2025-26,1777,1681,8,7,24222,24222,0.946,,0.073
ADM3_Belabo,2024-25,1408,1288,3,2,17046,17012,0.915,,0.083
ADM3_Belabo,2025-26,1712,1085,12,9,17046,16854,0.634,,0.1
ADM3_BelaiChhari,2024-25,689,238,35,16,76653,60360,0.345,,0.009
ADM3_BelaiChhari,2025-26,515,176,27,12,76653,71699,0.342,,0.007
ADM3_Belkuchi,2024-25,1982,1690,1917,137,16218,16114,0.853,0.071,0.122
ADM3_Belkuchi,2025-26,3156,3071,2080,115,16218,16218,0.973,0.055,0.195
ADM3_Bera,2024-25,3948,3559,2462,191,18025,18025,0.901,0.078,0.219
ADM3_Bera,2025-26,3155,2873,2491,216,18025,18025,0.911,0.087,0.175
ADM3_Betagi,2024-25,53,17,2119,473,22514,22443,0.321,0.223,0.002
ADM3_Betagi,2025-26,151,28,1754,0,22514,22513,0.185,0.0,0.007
ADM3_Bhairab,2024-25,1828,1555,3574,1643,16721,16645,0.851,0.46,0.109
ADM3_Bhairab,2025-26,2188,1355,2628,788,16721,16697,0.619,0.3,0.131
ADM3_Bhaluka,2024-25,11008,7308,3,0,92440,91398,0.664,,0.119
ADM3_Bhaluka,2025-26,4682,1468,248,8,92440,92437,0.314,0.032,0.051
ADM3_Bhandaria,2024-25,168,79,2343,130,19934,19929,0.47,0.055,0.008
ADM3_Bhandaria,2025-26,187,54,2539,47,19934,19934,0.289,0.019,0.009
ADM3_Bhanga,2024-25,10198,9929,203,25,37773,37773,0.974,0.123,0.27
ADM3_Bhanga,2025-26,11091,10705,142,23,37773,37773,0.965,0.162,0.294
ADM3_Bhangura,2024-25,1211,1149,663,656,9675,9386,0.949,0.989,0.125
ADM3_Bhangura,2025-26,1549,1511,1024,963,9675,9641,0.975,0.94,0.16
ADM3_Bhedarganj,2024-25,5860,5586,1731,68,36480,35909,0.953,0.039,0.161
ADM3_Bhedarganj,2025-26,6134,5780,1559,60,36480,35713,0.942,0.038,0.168
ADM3_Bheramara,2024-25,2422,2008,2076,15,17695,17583,0.829,0.007,0.137
ADM3_Bheramara,2025-26,1941,1678,3501,7,17695,17681,0.865,0.002,0.11
ADM3_BholaSadar,2024-25,2812,1761,6753,136,46771,45801,0.626,0.02,0.06
ADM3_BholaSadar,2025-26,4808,1893,6460,9,46771,46490,0.394,0.001,0.103
ADM3_Bholahat,2024-25,1419,1279,1,1,8653,8320,0.901,,0.164
ADM3_Bholahat,2025-26,978,165,98,37,8653,8653,0.169,0.378,0.113
ADM3_Bhuapur,2024-25,2815,2529,2881,203,16135,16127,0.898,0.07,0.174
ADM3_Bhuapur,2025-26,2500,2422,3015,292,16135,16135,0.969,0.097,0.155
ADM3_Bhurungamari,2024-25,3002,1846,323,10,24499,11505,0.615,0.031,0.123
ADM3_Bhurungamari,2025-26,3574,1630,482,11,24499,24424,0.456,0.023,0.146
ADM3_Bijoynagar,2024-25,5450,4769,1673,1586,15299,14823,0.875,0.948,0.356
ADM3_Bijoynagar,2025-26,3124,1283,1073,864,15299,15297,0.411,0.805,0.204
ADM3_BimanBandar,2024-25,46,3,1,0,1115,720,,,0.041
ADM3_BimanBandar,2025-26,47,1,0,0,1115,901,,,0.042
ADM3_Biral,2024-25,13753,11671,0,0,24417,24337,0.849,,0.563
ADM3_Biral,2025-26,13303,6654,53,0,24417,24417,0.5,0.0,0.545
ADM3_Birampur,2024-25,11256,7728,1,0,20774,19901,0.687,,0.542
ADM3_Birampur,2025-26,9426,2252,3,0,20774,20748,0.239,,0.454
ADM3_Birganj,2024-25,16201,15524,0,0,28825,28352,0.958,,0.562
ADM3_Birganj,2025-26,16509,14176,94,3,28825,28824,0.859,0.032,0.573
ADM3_Bishwambarpur,2024-25,1836,1611,3462,3113,13207,13107,0.877,0.899,0.139
ADM3_Bishwambarpur,2025-26,1687,1598,3087,2709,13207,12912,0.947,0.878,0.128
ADM3_Bishwanath,2024-25,4925,2777,20,0,14544,14544,0.564,,0.339
ADM3_Bishwanath,2025-26,3440,1059,72,30,14544,14537,0.308,0.417,0.237
ADM3_Boalia,2024-25,63,10,3,0,2613,1995,0.159,,0.024
ADM3_Boalia,2025-26,67,8,6,0,2613,2613,0.119,,0.026
ADM3_Boalkhali,2024-25,35,12,21,1,10391,10047,,,0.003
ADM3_Boalkhali,2025-26,174,65,59,0,10391,10384,0.374,0.0,0.017
ADM3_Boalmari,2024-25,9363,9085,14,0,27631,27440,0.97,,0.339
ADM3_Boalmari,2025-26,9059,8806,143,52,27631,27631,0.972,0.364,0.328
ADM3_Bochaganj,2024-25,9734,8749,0,0,15504,15292,0.899,,0.628
ADM3_Bochaganj,2025-26,9942,7386,3,0,15504,15504,0.743,,0.641
ADM3_Boda,2024-25,10025,6833,71,19,27428,27402,0.682,0.268,0.366
ADM3_Boda,2025-26,11435,6823,37,2,27428,27428,0.597,,0.417
ADM3_BograSadar,2024-25,893,699,2,0,12242,8579,0.783,,0.073
ADM3_BograSadar,2025-26,2900,2443,10,2,12242,12234,0.842,,0.237
ADM3_BrahmanPara,2024-25,1102,845,17,6,17273,17261,0.767,,0.064
ADM3_BrahmanPara,2025-26,1535,888,21,5,17273,17273,0.579,,0.089
ADM3_BrahmanbariaSadar,2024-25,7462,4916,1168,1067,24509,20027,0.659,0.914,0.304
ADM3_BrahmanbariaSadar,2025-26,6326,2109,788,607,24509,24424,0.333,0.77,0.258
ADM3_Burhanuddin,2024-25,1741,1206,5380,174,45795,43096,0.693,0.032,0.038
ADM3_Burhanuddin,2025-26,6499,2126,5612,1,45795,45637,0.327,0.0,0.142
ADM3_Burichang,2024-25,2045,1251,70,28,22578,21660,0.612,0.4,0.091
ADM3_Burichang,2025-26,2681,1114,44,7,22578,22569,0.416,,0.119
ADM3_Cantonment,2024-25,109,6,0,0,1523,1366,0.055,,0.072
ADM3_Cantonment,2025-26,53,4,0,0,1523,1520,0.075,,0.035
ADM3_ChakBazar,2024-25,6,0,0,0,217,75,,,0.028
ADM3_ChakBazar,2025-26,6,0,2,0,217,217,,,0.028
ADM3_Chakaria,2024-25,3595,2771,8038,28,65784,62076,0.771,0.003,0.055
ADM3_Chakaria,2025-26,5730,3342,7799,63,65784,65122,0.583,0.008,0.087
ADM3_Chandanaish,2024-25,300,193,81,0,21780,18427,0.643,0.0,0.014
ADM3_Chandanaish,2025-26,873,572,137,2,21780,21729,0.655,0.015,0.04
ADM3_Chandgaon,2024-25,26,1,16,0,1384,1383,,,0.019
ADM3_Chandgaon,2025-26,37,7,11,0,1384,1382,,,0.027
ADM3_Chandina,2024-25,3941,3613,9,7,45350,42115,0.917,,0.087
ADM3_Chandina,2025-26,6890,5914,0,0,45350,45350,0.858,,0.152
ADM3_ChandpurSadar,2024-25,1808,1596,1459,84,23439,23433,0.883,0.058,0.077
ADM3_ChandpurSadar,2025-26,1987,1683,1398,70,23439,23417,0.847,0.05,0.085
ADM3_CharBhadrasan,2024-25,4957,4582,2708,376,17913,17881,0.924,0.139,0.277
ADM3_CharBhadrasan,2025-26,5972,5772,2667,239,17913,17913,0.967,0.09,0.333
ADM3_CharFasson,2024-25,12157,6844,10785,72,94283,89280,0.563,0.007,0.129
ADM3_CharFasson,2025-26,19349,5158,11168,5,94283,88921,0.267,0.0,0.205
ADM3_CharRajibpur,2024-25,1840,1660,1963,53,8324,8310,0.902,0.027,0.221
ADM3_CharRajibpur,2025-26,2161,1891,1969,24,8324,8324,0.875,0.012,0.26
ADM3_Charghat,2024-25,1590,1434,1151,12,17370,15385,0.902,0.01,0.092
ADM3_Charghat,2025-26,1627,1512,1582,0,17370,17370,0.929,0.0,0.094
ADM3_Chatkhil,2024-25,922,865,0,0,17959,17959,0.938,,0.051
ADM3_Chatkhil,2025-26,1070,1012,0,0,17959,17959,0.946,,0.06
ADM3_Chatmohar,2024-25,7452,7198,724,700,24009,22771,0.966,0.967,0.31
ADM3_Chatmohar,2025-26,6924,6637,670,612,24009,24009,0.959,0.913,0.288
ADM3_Chauddagram,2024-25,827,455,41,21,18981,18921,0.55,,0.044
ADM3_Chauddagram,2025-26,456,149,1,0,18981,18981,0.327,,0.024
ADM3_Chaugachha,2024-25,5116,4300,0,0,29625,29503,0.841,,0.173
ADM3_Chaugachha,2025-26,6631,6232,0,0,29625,29625,0.94,,0.224
ADM3_Chauhali,2024-25,1959,886,7688,447,16673,16662,0.452,0.058,0.117
ADM3_Chauhali,2025-26,1439,1078,7387,453,16673,16668,0.749,0.061,0.086
ADM3_Chhagalnaiya,2024-25,750,246,123,0,9533,9504,0.328,0.0,0.079
ADM3_Chhagalnaiya,2025-26,462,134,97,1,9533,9283,0.29,0.01,0.048
ADM3_Chhatak,2024-25,8605,4829,2528,2083,30148,30148,0.561,0.824,0.285
ADM3_Chhatak,2025-26,6413,2726,2799,2160,30148,30145,0.425,0.772,0.213
ADM3_Chilmari,2024-25,1770,1004,4581,54,16150,12959,0.567,0.012,0.11
ADM3_Chilmari,2025-26,2099,810,5508,63,16150,16150,0.386,0.011,0.13
ADM3_Chirirbandar,2024-25,10323,9335,0,0,22037,21973,0.904,,0.468
ADM3_Chirirbandar,2025-26,9694,4514,14,0,22037,22036,0.466,,0.44
ADM3_Chitalmari,2024-25,2249,2150,289,119,14848,14848,0.956,0.412,0.151
ADM3_Chitalmari,2025-26,1510,1150,476,125,14848,14847,0.762,0.263,0.102
ADM3_ChittagongPort,2024-25,10,0,23,0,864,841,,,0.012
ADM3_ChittagongPort,2025-26,15,0,18,0,864,863,,,0.017
ADM3_ChuadangaSadar,2024-25,3612,2996,0,0,22190,22190,0.829,,0.163
ADM3_ChuadangaSadar,2025-26,1741,1453,0,0,22190,22190,0.835,,0.078
ADM3_Chunarughat,2024-25,6724,941,2,0,33069,33069,0.14,,0.203
ADM3_Chunarughat,2025-26,1955,113,16,0,33069,33064,0.058,,0.059
ADM3_ComillaAdarshaSadar,2024-25,1880,429,46,8,20167,19218,0.228,,0.093
ADM3_ComillaAdarshaSadar,2025-26,1709,392,42,3,20167,20095,0.229,,0.085
ADM3_ComillaSadarDakshin,2024-25,1211,582,7,6,26234,25377,0.481,,0.046
ADM3_ComillaSadarDakshin,2025-26,1092,477,0,0,26234,26197,0.437,,0.042
ADM3_Companiganj_185666,2024-25,3644,1872,470,299,18020,18020,0.514,0.636,0.202
ADM3_Companiganj_185666,2025-26,3007,1707,1136,522,18020,18003,0.568,0.46,0.167
ADM3_Companiganj_539746,2024-25,2513,1101,2395,22,19980,19952,0.438,0.009,0.126
ADM3_Companiganj_539746,2025-26,2119,615,2143,18,19980,19936,0.29,0.008,0.106
ADM3_CoxsBazarSadar,2024-25,2982,880,918,1,21407,14977,0.295,0.001,0.139
ADM3_CoxsBazarSadar,2025-26,2971,547,1367,0,21407,21062,0.184,0.0,0.139
ADM3_Dacope,2024-25,14487,234,5341,8,65521,65192,0.016,0.001,0.221
ADM3_Dacope,2025-26,3045,15,6150,104,65521,65521,0.005,0.017,0.046
ADM3_Daganbhuiyan,2024-25,518,449,3,1,9881,9880,0.867,,0.052
ADM3_Daganbhuiyan,2025-26,49,26,0,0,9881,9881,,,0.005
ADM3_DakshinSunamganj,2024-25,2090,1887,10975,10398,21274,21180,0.903,0.947,0.098
ADM3_DakshinSunamganj,2025-26,4155,3969,6332,5918,21274,19976,0.955,0.935,0.195
ADM3_DakshinSurma,2024-25,2772,1449,642,525,13256,13256,0.523,0.818,0.209
ADM3_DakshinSurma,2025-26,2171,748,285,217,13256,12996,0.345,0.761,0.164
ADM3_Dakshinkhan,2024-25,70,10,0,0,1121,1111,0.143,,0.062
ADM3_Dakshinkhan,2025-26,43,3,0,0,1121,1121,,,0.038
ADM3_Damudya,2024-25,1491,1311,22,4,13413,13413,0.879,,0.111
ADM3_Damudya,2025-26,1704,1484,31,0,13413,13413,0.871,,0.127
ADM3_Damurhuda,2024-25,4390,3877,0,0,21743,21655,0.883,,0.202
ADM3_Damurhuda,2025-26,2804,2649,2,2,21743,21743,0.945,,0.129
ADM3_DarusSalam,2024-25,18,1,8,0,537,485,,,0.034
ADM3_DarusSalam,2025-26,23,0,16,7,537,537,,,0.043
ADM3_Dashmina,2024-25,2313,1102,2594,35,30802,30670,0.476,0.013,0.075
ADM3_Dashmina,2025-26,6953,937,1975,0,30802,30802,0.135,0.0,0.226
ADM3_Daudkandi,2024-25,7219,6942,251,93,38816,32395,0.962,0.371,0.186
ADM3_Daudkandi,2025-26,8479,8099,137,23,38816,38804,0.955,0.168,0.218
ADM3_Daulatkhan,2024-25,868,669,2517,14,19292,19075,0.771,0.006,0.045
ADM3_Daulatkhan,2025-26,1985,797,2291,0,19292,19287,0.402,0.0,0.103
ADM3_Daulatpur_050002,2024-25,108,78,0,0,1042,1033,0.722,,0.104
ADM3_Daulatpur_050002,2025-26,59,39,22,2,1042,1042,0.661,,0.057
ADM3_Daulatpur_326946,2024-25,6953,6596,3032,862,32264,31560,0.949,0.284,0.216
ADM3_Daulatpur_326946,2025-26,5570,5344,2514,256,32264,32259,0.959,0.102,0.173
ADM3_Daulatpur_839920,2024-25,3501,3289,3524,247,15243,15243,0.939,0.07,0.23
ADM3_Daulatpur_839920,2025-26,4238,4176,3581,117,15243,15243,0.985,0.033,0.278
ADM3_Debhata,2024-25,6998,2317,1999,72,31485,27854,0.331,0.036,0.222
ADM3_Debhata,2025-26,2097,1042,6987,371,31485,31434,0.497,0.053,0.067
ADM3_Debidwar,2024-25,2184,1858,98,32,29346,28761,0.851,0.327,0.074
ADM3_Debidwar,2025-26,4137,3174,96,18,29346,29346,0.767,0.188,0.141
ADM3_Debiganj,2024-25,13598,12499,84,23,30099,30089,0.919,0.274,0.452
ADM3_Debiganj,2025-26,13955,10445,118,0,30099,30099,0.748,0.0,0.464
ADM3_Delduar,2024-25,3447,3318,60,7,15743,15711,0.963,0.117,0.219
ADM3_Delduar,2025-26,3448,3309,142,17,15743,15743,0.96,0.12,0.219
ADM3_Demra,2024-25,301,39,20,0,3136,2910,0.13,,0.096
ADM3_Demra,2025-26,241,30,11,0,3136,3136,0.124,,0.077
ADM3_Derai,2024-25,2181,2050,17600,16272,28222,27208,0.94,0.925,0.077
ADM3_Derai,2025-26,3089,2980,12840,12009,28222,24209,0.965,0.935,0.109
ADM3_Dewanganj,2024-25,4904,4745,2210,121,22363,22363,0.968,0.055,0.219
ADM3_Dewanganj,2025-26,7658,7372,2323,163,22363,22358,0.963,0.07,0.342
ADM3_Dhamoirhat,2024-25,11075,10461,0,0,21163,21144,0.945,,0.523
ADM3_Dhamoirhat,2025-26,8322,4110,11,1,21163,21163,0.494,,0.393
ADM3_Dhamrai,2024-25,7365,6339,1,1,41919,41752,0.861,,0.176
ADM3_Dhamrai,2025-26,7909,6616,50,9,41919,41918,0.837,0.18,0.189
ADM3_Dhanbari,2024-25,3860,3650,0,0,10982,10958,0.946,,0.351
ADM3_Dhanbari,2025-26,3182,2958,1,1,10982,10982,0.93,,0.29
ADM3_Dhanmondi,2024-25,4,0,0,0,386,113,,,0.01
ADM3_Dhanmondi,2025-26,12,1,0,0,386,386,,,0.031
ADM3_Dharampasha,2024-25,4944,3775,40173,36342,74473,65938,0.764,0.905,0.066
ADM3_Dharampasha,2025-26,2471,1397,30180,19872,74473,59591,0.565,0.658,0.033
ADM3_Dhobaura,2024-25,15436,14659,128,116,35118,35118,0.95,0.906,0.44
ADM3_Dhobaura,2025-26,4572,656,668,326,35118,35118,0.143,0.488,0.13
ADM3_Dhunat,2024-25,2758,2642,556,3,17262,14491,0.958,0.005,0.16
ADM3_Dhunat,2025-26,5523,4615,1032,12,17262,17242,0.836,0.012,0.32
ADM3_Dhupchanchia,2024-25,3560,3112,0,0,11472,10211,0.874,,0.31
ADM3_Dhupchanchia,2025-26,6181,4620,0,0,11472,11472,0.747,,0.539
ADM3_Dighalia,2024-25,1406,1315,167,4,5349,5349,0.935,0.024,0.263
ADM3_Dighalia,2025-26,750,698,299,20,5349,5349,0.931,0.067,0.14
ADM3_Dighinala,2024-25,1840,937,27,15,117873,117606,0.509,,0.016
ADM3_Dighinala,2025-26,2237,1299,0,0,117873,115582,0.581,,0.019
ADM3_Dimla,2024-25,14119,13851,1216,169,47694,31700,0.981,0.139,0.296
ADM3_Dimla,2025-26,16720,15778,2687,151,47694,47597,0.944,0.056,0.351
ADM3_DinajpurSadar,2024-25,13263,10862,0,0,24858,24858,0.819,,0.534
ADM3_DinajpurSadar,2025-26,11391,2692,68,2,24858,24857,0.236,0.029,0.458
ADM3_Dohar,2024-25,939,760,6050,58,19080,18941,0.809,0.01,0.049
ADM3_Dohar,2025-26,849,687,5748,51,19080,19080,0.809,0.009,0.044
ADM3_Domar,2024-25,11302,11075,0,0,24448,24362,0.98,,0.462
ADM3_Domar,2025-26,12382,10276,0,0,24448,24448,0.83,,0.506
ADM3_DoubleMooring,2024-25,10,0,9,0,517,516,,,0.019
ADM3_DoubleMooring,2025-26,4,0,6,0,517,517,,,0.008
ADM3_Dowarabazar,2024-25,6389,2480,1423,1071,20385,20385,0.388,0.753,0.313
ADM3_Dowarabazar,2025-26,5286,2042,1815,1329,20385,20382,0.386,0.732,0.259
ADM3_Dumki,2024-25,143,69,2342,16,13475,12544,0.483,0.007,0.011
ADM3_Dumki,2025-26,778,119,2363,0,13475,13475,0.153,0.0,0.058
ADM3_Dumuria,2024-25,10613,7602,723,219,31685,31515,0.716,0.303,0.335
ADM3_Dumuria,2025-26,4001,2920,1511,510,31685,31684,0.73,0.338,0.126
ADM3_Durgapur_169588,2024-25,16985,15598,231,73,39295,39295,0.918,0.316,0.432
ADM3_Durgapur_169588,2025-26,5811,650,1123,318,39295,39295,0.112,0.283,0.148
ADM3_Durgapur_796536,2024-25,3180,2023,25,0,13717,12984,0.636,,0.232
ADM3_Durgapur_796536,2025-26,1685,1205,86,0,13717,13716,0.715,0.0,0.123
ADM3_Fakirhat,2024-25,1276,1120,16,4,11176,11111,0.878,,0.114
ADM3_Fakirhat,2025-26,481,348,102,49,11176,11176,0.723,0.48,0.043
ADM3_Faridganj,2024-25,1188,994,0,0,33467,33467,0.837,,0.035
ADM3_Faridganj,2025-26,1735,1227,0,0,33467,33467,0.707,,0.052
ADM3_Faridpur,2024-25,2560,2500,430,413,10085,9893,0.977,0.96,0.254
ADM3_Faridpur,2025-26,2058,1961,378,315,10085,10073,0.953,0.833,0.204
ADM3_FaridpurSadar,2024-25,5904,5510,1061,86,26434,26434,0.933,0.081,0.223
ADM3_FaridpurSadar,2025-26,5538,5338,1203,87,26434,26434,0.964,0.072,0.21
ADM3_Fatikchhari,2024-25,3691,2215,23,0,54037,54037,0.6,,0.068
ADM3_Fatikchhari,2025-26,2141,876,17,0,54037,53966,0.409,,0.04
ADM3_Fenchuganj,2024-25,554,450,1563,1344,8722,8722,0.812,0.86,0.064
ADM3_Fenchuganj,2025-26,523,440,1504,1298,8722,7052,0.841,0.863,0.06
ADM3_FeniSadar,2024-25,506,418,70,3,14885,14717,0.826,0.043,0.034
ADM3_FeniSadar,2025-26,260,160,57,2,14885,14810,0.615,0.035,0.017
ADM3_Fulbari,2024-25,8577,7747,0,0,16090,15476,0.903,,0.533
ADM3_Fulbari,2025-26,7447,1521,0,0,16090,16090,0.204,,0.463
ADM3_Fulbaria,2024-25,11914,9270,0,0,55359,55359,0.778,,0.215
ADM3_Fulbaria,2025-26,3430,543,66,7,55359,55359,0.158,0.106,0.062
ADM3_Fulchhari,2024-25,2944,2094,11083,150,32795,30162,0.711,0.014,0.09
ADM3_Fulchhari,2025-26,5257,3772,11480,99,32795,32793,0.718,0.009,0.16
ADM3_Fulgazi,2024-25,792,382,2,0,7028,6998,0.482,,0.113
ADM3_Fulgazi,2025-26,358,98,2,0,7028,7027,0.274,,0.051
ADM3_Gabtali,2024-25,2977,2833,0,0,17159,11139,0.952,,0.173
ADM3_Gabtali,2025-26,4585,2145,3,0,17159,17159,0.468,,0.267
ADM3_Gaffargaon,2024-25,19433,16967,315,15,74238,73888,0.873,0.048,0.262
ADM3_Gaffargaon,2025-26,10385,3626,1416,131,74238,74238,0.349,0.093,0.14
ADM3_GaibandhaSadar,2024-25,4255,2352,2280,42,25441,14725,0.553,0.018,0.167
ADM3_GaibandhaSadar,2025-26,5206,1068,2464,15,25441,25441,0.205,0.006,0.205
ADM3_Galachipa,2024-25,24787,11567,7045,169,120183,115549,0.467,0.024,0.206
ADM3_Galachipa,2025-26,44994,7916,6860,0,120183,120176,0.176,0.0,0.374
ADM3_Gangachara,2024-25,4996,4703,1132,337,18587,11105,0.941,0.298,0.269
ADM3_Gangachara,2025-26,8333,6326,1185,68,18587,18471,0.759,0.057,0.448
ADM3_Gangni,2024-25,7099,6768,0,0,23887,22864,0.953,,0.297
ADM3_Gangni,2025-26,5850,5323,0,0,23887,23887,0.91,,0.245
ADM3_Gauripur,2024-25,10903,10333,69,0,39608,39583,0.948,0.0,0.275
ADM3_Gauripur,2025-26,2946,741,131,1,39608,34683,0.252,0.008,0.074
ADM3_Gaurnadi,2024-25,1144,1080,92,0,20679,20679,0.944,0.0,0.055
ADM3_Gaurnadi,2025-26,1502,1160,91,5,20679,20679,0.772,0.055,0.073
ADM3_Gazaria,2024-25,2991,2627,4355,500,20064,19198,0.878,0.115,0.149
ADM3_Gazaria,2025-26,3955,3501,3530,227,20064,20055,0.885,0.064,0.197
ADM3_GazipurSadar,2024-25,5644,3873,1326,1117,63671,60810,0.686,0.842,0.089
ADM3_GazipurSadar,2025-26,4039,2533,1492,1077,63671,63644,0.627,0.722,0.063
ADM3_Gendaria,2024-25,8,3,0,0,218,208,,,0.037
ADM3_Gendaria,2025-26,0,0,0,0,218,218,,,0.0
ADM3_Ghatail,2024-25,9978,8197,0,0,59639,59639,0.822,,0.167
ADM3_Ghatail,2025-26,5637,4598,24,14,59639,59639,0.816,,0.095
ADM3_Ghior,2024-25,2794,2666,55,18,11889,11889,0.954,0.327,0.235
ADM3_Ghior,2025-26,4655,4550,179,56,11889,11889,0.977,0.313,0.392
ADM3_Ghoraghat,2024-25,6245,3751,9,0,17348,12202,0.601,,0.36
ADM3_Ghoraghat,2025-26,8429,3220,63,10,17348,17327,0.382,0.159,0.486
ADM3_Goalandaghat,2024-25,1614,1382,3341,199,10668,10668,0.856,0.06,0.151
ADM3_Goalandaghat,2025-26,1215,1125,3461,225,10668,10668,0.926,0.065,0.114
ADM3_Gobindaganj,2024-25,7297,5869,35,3,37368,25359,0.804,,0.195
ADM3_Gobindaganj,2025-26,12540,8394,161,11,37368,37057,0.669,0.068,0.336
ADM3_Godagari,2024-25,16088,15125,2186,116,38430,38218,0.94,0.053,0.419
ADM3_Godagari,2025-26,16812,12622,2951,22,38430,38430,0.751,0.007,0.437
ADM3_Golabganj,2024-25,4877,1652,1160,850,29978,29976,0.339,0.733,0.163
ADM3_Golabganj,2025-26,2619,732,1789,1042,29978,28653,0.279,0.582,0.087
ADM3_Gomastapur,2024-25,8216,7796,1000,974,22289,20469,0.949,0.974,0.369
ADM3_Gomastapur,2025-26,5943,2894,2233,597,22289,22289,0.487,0.267,0.267
ADM3_GopalganjSadar,2024-25,7948,7337,402,33,31137,31104,0.923,0.082,0.255
ADM3_GopalganjSadar,2025-26,4853,4063,519,61,31137,31137,0.837,0.118,0.156
ADM3_Gopalpur,2024-25,5283,5070,40,0,14094,14094,0.96,,0.375
ADM3_Gopalpur,2025-26,4331,4159,45,12,14094,14094,0.96,,0.307
ADM3_Gosairhat,2024-25,2708,2383,1332,38,21401,21389,0.88,0.029,0.127
ADM3_Gosairhat,2025-26,3433,2620,1443,67,21401,21399,0.763,0.046,0.16
ADM3_Gowainghat,2024-25,13682,4263,499,313,41782,41780,0.312,0.627,0.327
ADM3_Gowainghat,2025-26,9062,2417,1891,806,41782,41724,0.267,0.426,0.217
ADM3_Gulshan,2024-25,96,17,3,0,1208,1132,0.177,,0.079
ADM3_Gulshan,2025-26,52,7,3,0,1208,1208,0.135,,0.043
ADM3_Gurudaspur,2024-25,5183,4572,175,158,24347,19329,0.882,0.903,0.213
ADM3_Gurudaspur,2025-26,6974,6373,255,226,24347,24347,0.914,0.886,0.286
ADM3_HabiganjSadar,2024-25,13866,8847,69,31,25838,25816,0.638,0.449,0.537
ADM3_HabiganjSadar,2025-26,8365,4288,137,64,25838,25837,0.513,0.467,0.324
ADM3_HaimChar,2024-25,484,367,5347,16,11871,11871,0.758,0.003,0.041
ADM3_HaimChar,2025-26,730,374,5443,14,11871,11871,0.512,0.003,0.061
ADM3_Hajiganj,2024-25,3049,2836,0,0,26851,26848,0.93,,0.114
ADM3_Hajiganj,2025-26,4238,3882,0,0,26851,26851,0.916,,0.158
ADM3_Hakimpur,2024-25,8761,5937,0,0,17823,14744,0.678,,0.492
ADM3_Hakimpur,2025-26,10909,4823,1,0,17823,17823,0.442,,0.612
ADM3_Halishahar,2024-25,30,0,14,2,817,816,,,0.037
ADM3_Halishahar,2025-26,21,1,16,0,817,811,,,0.026
ADM3_Haluaghat,2024-25,21057,19163,112,103,49697,49697,0.91,0.92,0.424
ADM3_Haluaghat,2025-26,5594,1579,580,342,49697,49694,0.282,0.59,0.113
ADM3_Harinakunda,2024-25,6044,5478,0,0,21261,20524,0.906,,0.284
ADM3_Harinakunda,2025-26,5454,4488,0,0,21261,21261,0.823,,0.257
ADM3_Haripur,2024-25,9674,9227,0,0,14017,13994,0.954,,0.69
ADM3_Haripur,2025-26,9129,8079,16,1,14017,14016,0.885,,0.651
ADM3_Harirampur,2024-25,3943,3414,9538,308,25911,25896,0.866,0.032,0.152
ADM3_Harirampur,2025-26,5520,5060,9328,240,25911,25911,0.917,0.026,0.213
ADM3_Hathazari,2024-25,1743,478,38,0,23346,23346,0.274,,0.075
ADM3_Hathazari,2025-26,881,324,96,0,23346,23343,0.368,0.0,0.038
ADM3_Hatibandha,2024-25,7003,6835,1539,256,32681,16416,0.976,0.166,0.214
ADM3_Hatibandha,2025-26,8001,6618,1872,40,32681,32662,0.827,0.021,0.245
ADM3_Hatiya,2024-25,11166,3317,18493,57,86640,82130,0.297,0.003,0.129
ADM3_Hatiya,2025-26,10813,4093,18319,4,86640,86129,0.379,0.0,0.125
ADM3_Hazaribagh,2024-25,14,1,0,0,776,491,,,0.018
ADM3_Hazaribagh,2025-26,59,0,2,0,776,776,0.0,,0.076
ADM3_Hizla,2024-25,4513,703,5880,62,27157,27157,0.156,0.011,0.166
ADM3_Hizla,2025-26,5382,322,6024,36,27157,27053,0.06,0.006,0.198
ADM3_Homna,2024-25,1854,1773,236,160,17969,15476,0.956,0.678,0.103
ADM3_Homna,2025-26,2898,2813,219,95,17969,17969,0.971,0.434,0.161
ADM3_Hossainpur,2024-25,4666,4403,47,1,16856,16854,0.944,,0.277
ADM3_Hossainpur,2025-26,2677,791,68,7,16856,16821,0.295,0.103,0.159
ADM3_Ishwardi,2024-25,2048,1555,1304,85,22784,19704,0.759,0.065,0.09
ADM3_Ishwardi,2025-26,1917,1494,1962,14,22784,22440,0.779,0.007,0.084
ADM3_Ishwarganj,2024-25,8948,8333,60,2,38618,37204,0.931,0.033,0.232
ADM3_Ishwarganj,2025-26,3019,343,235,7,38618,37033,0.114,0.03,0.078
ADM3_Islampur,2024-25,3101,2850,3345,135,23185,23171,0.919,0.04,0.134
ADM3_Islampur,2025-26,3881,3769,3585,201,23185,23185,0.971,0.056,0.167
ADM3_Itna,2024-25,487,475,35381,32806,46387,43791,0.975,0.927,0.01
ADM3_Itna,2025-26,568,515,25027,21285,46387,34278,0.907,0.85,0.012
ADM3_Jagannathpur,2024-25,4977,4046,6154,5571,25800,25776,0.813,0.905,0.193
ADM3_Jagannathpur,2025-26,4683,3445,4551,3915,25800,24732,0.736,0.86,0.182
ADM3_Jaintiapur,2024-25,7260,1154,853,756,26736,26736,0.159,0.886,0.272
ADM3_Jaintiapur,2025-26,3325,574,1128,686,26736,26717,0.173,0.608,0.124
ADM3_Jaldhaka,2024-25,11055,10464,185,28,30168,23585,0.947,0.151,0.366
ADM3_Jaldhaka,2025-26,12678,11154,241,4,30168,30166,0.88,0.017,0.42
ADM3_Jamalganj,2024-25,810,732,13336,11826,24081,20527,0.904,0.887,0.034
ADM3_Jamalganj,2025-26,1326,1250,9436,8334,24081,17969,0.943,0.883,0.055
ADM3_JamalpurSadar,2024-25,19683,17825,9,5,60321,60321,0.906,,0.326
ADM3_JamalpurSadar,2025-26,14952,11900,593,26,60321,60321,0.796,0.044,0.248
ADM3_Jatrabari,2024-25,100,12,0,0,1696,1378,0.12,,0.059
ADM3_Jatrabari,2025-26,106,17,0,0,1696,1696,0.16,,0.062
ADM3_JhalokatiSadar,2024-25,494,402,707,1,28041,28041,0.814,0.001,0.018
ADM3_JhalokatiSadar,2025-26,505,308,676,0,28041,28041,0.61,0.0,0.018
ADM3_JhenaidahSadar,2024-25,15441,14690,0,0,48199,44273,0.951,,0.32
ADM3_JhenaidahSadar,2025-26,14481,11346,0,0,48199,48143,0.784,,0.3
ADM3_Jhenaigati,2024-25,16758,15103,128,125,50001,50001,0.901,0.977,0.335
ADM3_Jhenaigati,2025-26,6469,4429,459,315,50001,50001,0.685,0.686,0.129
ADM3_Jhikargachha,2024-25,5146,4373,0,0,31495,29201,0.85,,0.163
ADM3_Jhikargachha,2025-26,7694,7207,0,0,31495,31495,0.937,,0.244
ADM3_JibanNagar,2024-25,2471,2183,0,0,24706,24620,0.883,,0.1
ADM3_JibanNagar,2025-26,2319,2141,0,0,24706,24706,0.923,,0.094
ADM3_JoypurhatSadar,2024-25,6096,5730,0,0,23403,20027,0.94,,0.26
ADM3_JoypurhatSadar,2025-26,8983,8412,4,0,23403,23377,0.936,,0.384
ADM3_JuraiChhari,2024-25,71,46,285,50,39756,18445,0.648,0.175,0.002
ADM3_JuraiChhari,2025-26,199,106,184,52,39756,39717,0.533,0.283,0.005
ADM3_Juri,2024-25,1505,539,2005,1840,20924,20924,0.358,0.918,0.072
ADM3_Juri,2025-26,996,545,1301,1244,20924,18644,0.547,0.956,0.048
ADM3_Kabirhat,2024-25,753,644,36,25,9559,9515,0.855,,0.079
ADM3_Kabirhat,2025-26,379,268,32,22,9559,9559,0.707,,0.04
ADM3_Kachua_342001,2024-25,609,565,17,17,9919,9919,0.928,,0.061
ADM3_Kachua_342001,2025-26,308,250,26,24,9919,9919,0.812,,0.031
ADM3_Kachua_371605,2024-25,6892,6628,25,7,41387,39880,0.962,,0.167
ADM3_Kachua_371605,2025-26,8844,7799,0,0,41387,41387,0.882,,0.214
ADM3_Kadamtali,2024-25,29,9,44,2,1267,991,,,0.023
ADM3_Kadamtali,2025-26,38,3,99,1,1267,1267,,0.01,0.03
ADM3_Kafrul,2024-25,70,3,1,0,1290,835,0.043,,0.054
ADM3_Kafrul,2025-26,53,1,9,0,1290,1290,0.019,,0.041
ADM3_Kahaloo,2024-25,5937,5400,6,0,16785,15105,0.91,,0.354
ADM3_Kahaloo,2025-26,7895,4997,8,0,16785,16785,0.633,,0.47
ADM3_Kaharole,2024-25,8188,7739,0,0,14283,14112,0.945,,0.573
ADM3_Kaharole,2025-26,8015,6431,26,1,14283,14283,0.802,,0.561
ADM3_KalaPara,2024-25,15962,3254,2326,23,61427,61149,0.204,0.01,0.26
ADM3_KalaPara,2025-26,28758,2161,1826,2,61427,61353,0.075,0.001,0.468
ADM3_Kalabagan,2024-25,1,0,0,0,190,122,,,0.005
ADM3_Kalabagan,2025-26,3,0,0,0,190,190,,,0.016
ADM3_Kalai,2024-25,949,864,0,0,11342,8928,0.91,,0.084
ADM3_Kalai,2025-26,7664,7370,0,0,11342,11342,0.962,,0.676
ADM3_Kalaroa,2024-25,2847,2238,2,0,24046,23328,0.786,,0.118
ADM3_Kalaroa,2025-26,3124,2884,20,13,24046,24046,0.923,,0.13
ADM3_Kalia,2024-25,6984,6773,865,126,21663,21662,0.97,0.146,0.322
ADM3_Kalia,2025-26,4322,4108,971,100,21663,21663,0.95,0.103,0.2
ADM3_Kaliakair,2024-25,3903,2909,710,530,43564,42404,0.745,0.746,0.09
ADM3_Kaliakair,2025-26,3279,2326,669,358,43564,43563,0.709,0.535,0.075
ADM3_Kaliganj_086039,2024-25,4773,4326,9,7,31282,31282,0.906,,0.153
ADM3_Kaliganj_086039,2025-26,3232,2666,359,88,31282,31282,0.825,0.245,0.103
ADM3_Kaliganj_098735,2024-25,6077,5635,270,121,16986,13659,0.927,0.448,0.358
ADM3_Kaliganj_098735,2025-26,6979,4181,163,10,16986,16894,0.599,0.061,0.411
ADM3_Kaliganj_663470,2024-25,7803,1677,2058,1,35624,35602,0.215,0.0,0.219
ADM3_Kaliganj_663470,2025-26,2966,1074,6122,26,35624,35574,0.362,0.004,0.083
ADM3_Kaliganj_882675,2024-25,7801,7437,0,0,27296,26691,0.953,,0.286
ADM3_Kaliganj_882675,2025-26,7603,6467,0,0,27296,27269,0.851,,0.279
ADM3_Kalihati,2024-25,13752,12814,3020,41,55159,55111,0.932,0.014,0.249
ADM3_Kalihati,2025-26,10266,9096,3238,225,55159,55159,0.886,0.069,0.186
ADM3_Kalkini,2024-25,7881,7748,1274,50,39325,39281,0.983,0.039,0.2
ADM3_Kalkini,2025-26,8190,7840,1240,44,39325,39274,0.957,0.035,0.208
ADM3_Kalmakanda,2024-25,12529,10606,8793,8318,53386,52786,0.847,0.946,0.235
ADM3_Kalmakanda,2025-26,4179,997,7421,4722,53386,53135,0.239,0.636,0.078
ADM3_Kalukhali,2024-25,4338,4072,166,26,11489,11489,0.939,0.157,0.378
ADM3_Kalukhali,2025-26,3792,3727,404,25,11489,11489,0.983,0.062,0.33
ADM3_Kamalganj,2024-25,4709,1477,0,0,38654,38654,0.314,,0.122
ADM3_Kamalganj,2025-26,2232,697,38,0,38654,35837,0.312,,0.058
ADM3_Kamalnagar,2024-25,1782,1094,7173,5,30689,30672,0.614,0.001,0.058
ADM3_Kamalnagar,2025-26,4054,106,6918,0,30689,30678,0.026,0.0,0.132
ADM3_Kamarkhanda,2024-25,2994,2889,8,5,10799,10743,0.965,,0.277
ADM3_Kamarkhanda,2025-26,2730,2690,24,13,10799,10799,0.985,,0.253
ADM3_KamrangirChar,2024-25,1,0,1,0,213,46,,,0.005
ADM3_KamrangirChar,2025-26,3,0,6,2,213,213,,,0.014
ADM3_Kanaighat,2024-25,12092,561,2100,1718,32972,32972,0.046,0.818,0.367
ADM3_Kanaighat,2025-26,5698,368,3213,1439,32972,32919,0.065,0.448,0.173
ADM3_Kanthalia,2024-25,30,15,1288,148,18649,18644,,0.115,0.002
ADM3_Kanthalia,2025-26,65,25,1236,1,18649,18649,0.385,0.001,0.003
ADM3_Kapasia,2024-25,5768,5296,1,0,49336,49336,0.918,,0.117
ADM3_Kapasia,2025-26,4167,2754,419,42,49336,49335,0.661,0.1,0.084
ADM3_Kaptai,2024-25,210,64,62,0,18250,13856,0.305,0.0,0.012
ADM3_Kaptai,2025-26,206,71,7,0,18250,18248,0.345,,0.011
ADM3_Karimganj,2024-25,4893,4686,5543,5117,29553,29069,0.958,0.923,0.166
ADM3_Karimganj,2025-26,1847,1340,4048,3008,29553,21307,0.726,0.743,0.062
ADM3_Kasba,2024-25,6449,4196,117,112,23050,22772,0.651,0.957,0.28
ADM3_Kasba,2025-26,5538,2348,182,132,23050,23050,0.424,0.725,0.24
ADM3_Kashiani,2024-25,5451,5360,186,13,20095,20095,0.983,0.07,0.271
ADM3_Kashiani,2025-26,3679,3336,305,16,20095,20095,0.907,0.052,0.183
ADM3_Katiadi,2024-25,12581,11749,2391,2355,46286,45819,0.934,0.985,0.272
ADM3_Katiadi,2025-26,8970,6429,1998,1725,46286,46269,0.717,0.863,0.194
ADM3_Kaunia,2024-25,1515,1083,80,3,9903,4170,0.715,0.038,0.153
ADM3_Kaunia,2025-26,2963,2545,182,0,9903,9897,0.859,0.0,0.299
ADM3_Kawkhali,2024-25,33,16,1007,70,7928,7927,,0.07,0.004
ADM3_Kawkhali,2025-26,22,9,972,5,7928,7928,,0.005,0.003
ADM3_KawkhaliBetbunia,2024-25,123,59,0,0,26137,26114,0.48,,0.005
ADM3_KawkhaliBetbunia,2025-26,120,49,0,0,26137,26135,0.408,,0.005
ADM3_Kazipur,2024-25,2711,2461,5405,313,25965,25759,0.908,0.058,0.104
ADM3_Kazipur,2025-26,6073,5918,5244,278,25965,25912,0.974,0.053,0.234
ADM3_Kendua,2024-25,17966,17732,43,43,42338,41222,0.987,,0.424
ADM3_Kendua,2025-26,2428,741,10,3,42338,16229,0.305,,0.057
ADM3_Keraniganj,2024-25,4126,1805,396,26,26519,24160,0.437,0.066,0.156
ADM3_Keraniganj,2025-26,3674,2155,888,16,26519,26293,0.587,0.018,0.139
ADM3_Keshabpur,2024-25,3234,2735,640,256,17856,17828,0.846,0.4,0.181
ADM3_Keshabpur,2025-26,2001,1849,546,116,17856,17856,0.924,0.212,0.112
ADM3_KhagrachhariSadar,2024-25,520,371,7,2,22607,22607,0.713,,0.023
ADM3_KhagrachhariSadar,2025-26,439,212,0,0,22607,22607,0.483,,0.019
ADM3_Khaliajuri,2024-25,479,472,21795,19841,31584,26236,0.985,0.91,0.015
ADM3_Khaliajuri,2025-26,336,319,19416,16431,31584,24972,0.949,0.846,0.011
ADM3_Khalishpur,2024-25,89,23,16,0,889,865,0.258,,0.1
ADM3_Khalishpur,2025-26,12,1,33,0,889,888,,,0.013
ADM3_KhanJahanAli,2024-25,314,134,1,0,1794,1789,0.427,,0.175
ADM3_KhanJahanAli,2025-26,122,55,41,5,1794,1794,0.451,,0.068
ADM3_Khansama,2024-25,6768,6477,0,0,12522,12522,0.957,,0.54
ADM3_Khansama,2025-26,6233,5960,56,0,12522,12522,0.956,0.0,0.498
ADM3_Khetlal,2024-25,1671,1465,0,0,11125,10193,0.877,,0.15
ADM3_Khetlal,2025-26,6914,6274,1,0,11125,11125,0.907,,0.621
ADM3_Khilgaon,2024-25,168,31,71,67,1915,1915,0.185,0.944,0.088
ADM3_Khilgaon,2025-26,135,42,90,73,1915,1915,0.311,0.811,0.07
ADM3_Khilkhet,2024-25,248,17,0,0,2166,2071,0.069,,0.114
ADM3_Khilkhet,2025-26,133,13,0,0,2166,2166,0.098,,0.061
ADM3_Khoksa,2024-25,2356,2240,43,4,7440,6801,0.951,,0.317
ADM3_Khoksa,2025-26,2507,2395,92,0,7440,7440,0.955,0.0,0.337
ADM3_KhulnaSadar,2024-25,65,6,79,0,856,776,0.092,0.0,0.076
ADM3_KhulnaSadar,2025-26,18,0,93,0,856,856,,0.0,0.021
ADM3_Khulshi,2024-25,18,2,0,0,903,903,,,0.02
ADM3_Khulshi,2025-26,12,1,0,0,903,903,,,0.013
ADM3_Kishoreganj,2024-25,7054,6211,0,0,24824,17921,0.88,,0.284
ADM3_Kishoreganj,2025-26,7589,5937,2,0,24824,24788,0.782,,0.306
ADM3_KishoreganjSadar,2024-25,6799,6234,15,0,31752,30919,0.917,,0.214
ADM3_KishoreganjSadar,2025-26,3472,1250,101,2,31752,30180,0.36,0.02,0.109
ADM3_KotaliPara,2024-25,6308,5703,61,45,43461,43455,0.904,0.738,0.145
ADM3_KotaliPara,2025-26,3985,2838,738,360,43461,43458,0.712,0.488,0.092
ADM3_Kotchandpur,2024-25,6788,6128,0,0,35508,35088,0.903,,0.191
ADM3_Kotchandpur,2025-26,5640,5256,0,0,35508,35508,0.932,,0.159
ADM3_Kotwali_226647,2024-25,9,0,14,0,650,650,,,0.014
ADM3_Kotwali_226647,2025-26,9,0,9,0,650,650,,,0.014
ADM3_Kotwali_291187,2024-25,5970,5219,5,5,30261,30171,0.874,,0.197
ADM3_Kotwali_291187,2025-26,7604,7175,0,0,30261,30261,0.944,,0.251
ADM3_Kotwali_832933,2024-25,1,0,0,0,104,38,,,0.01
ADM3_Kotwali_832933,2025-26,1,0,0,0,104,104,,,0.01
ADM3_Koyra,2024-25,7990,581,4191,23,87505,87505,0.073,0.005,0.091
ADM3_Koyra,2025-26,2380,95,6715,95,87505,87505,0.04,0.014,0.027
ADM3_Kulaura,2024-25,6747,1806,1718,1532,61001,60966,0.268,0.892,0.111
ADM3_Kulaura,2025-26,3620,1414,1833,1483,61001,57947,0.391,0.809,0.059
ADM3_KuliarChar,2024-25,2253,2179,84,35,14387,14363,0.967,0.417,0.157
ADM3_KuliarChar,2025-26,2341,1668,22,3,14387,14199,0.713,,0.163
ADM3_Kumarkhali,2024-25,5148,4822,1153,44,18830,17524,0.937,0.038,0.273
ADM3_Kumarkhali,2025-26,4621,4208,1439,18,18830,18830,0.911,0.013,0.245
ADM3_KurigramSadar,2024-25,3177,1669,3103,19,18741,16064,0.525,0.006,0.17
ADM3_KurigramSadar,2025-26,2894,1110,3249,29,18741,18741,0.384,0.009,0.154
ADM3_KushtiaSadar,2024-25,7757,6830,914,40,27411,25865,0.88,0.044,0.283
ADM3_KushtiaSadar,2025-26,6980,5450,1032,14,27411,27393,0.781,0.014,0.255
ADM3_Kutubdia,2024-25,0,0,717,0,4965,4880,,0.0,0.0
ADM3_Kutubdia,2025-26,163,6,657,0,4965,4964,0.037,0.0,0.033
ADM3_Lakhai,2024-25,6351,3695,5533,5023,17614,16889,0.582,0.908,0.361
ADM3_Lakhai,2025-26,4070,2187,3775,2664,17614,16985,0.537,0.706,0.231
ADM3_Laksam,2024-25,1006,838,1,0,18818,18606,0.833,,0.053
ADM3_Laksam,2025-26,1141,904,1,0,18818,18818,0.792,,0.061
ADM3_Lakshmichhari,2024-25,97,64,0,0,15279,15279,0.66,,0.006
ADM3_Lakshmichhari,2025-26,21,10,0,0,15279,15279,,,0.001
ADM3_LakshmipurSadar,2024-25,2640,1793,1083,34,64790,64789,0.679,0.031,0.041
ADM3_LakshmipurSadar,2025-26,5764,738,1072,1,64790,64785,0.128,0.001,0.089
ADM3_Lalbagh,2024-25,2,0,0,0,593,103,,,0.003
ADM3_Lalbagh,2025-26,14,0,0,0,593,593,,,0.024
ADM3_Lalmohan,2024-25,2146,1514,2282,143,37447,37433,0.705,0.063,0.057
ADM3_Lalmohan,2025-26,7237,3870,2136,0,37447,37393,0.535,0.0,0.193
ADM3_LalmonirhatSadar,2024-25,4038,3626,780,107,18616,11139,0.898,0.137,0.217
ADM3_LalmonirhatSadar,2025-26,6266,4548,1033,42,18616,18584,0.726,0.041,0.337
ADM3_Lalpur,2024-25,5368,4877,2442,178,32435,29791,0.909,0.073,0.166
ADM3_Lalpur,2025-26,6471,6109,2588,82,32435,32418,0.944,0.032,0.2
ADM3_Lama,2024-25,969,880,4,1,57638,57528,0.908,,0.017
ADM3_Lama,2025-26,1128,993,50,27,57638,57636,0.88,0.54,0.02
ADM3_Langadu,2024-25,228,22,2529,288,36585,33299,0.096,0.114,0.006
ADM3_Langadu,2025-26,556,185,1512,212,36585,33968,0.333,0.14,0.015
ADM3_Lohagara_691580,2024-25,5125,4815,788,66,20765,20755,0.94,0.084,0.247
ADM3_Lohagara_691580,2025-26,4271,4077,1199,85,20765,20765,0.955,0.071,0.206
ADM3_Lohagara_836566,2024-25,2550,2028,0,0,27107,27046,0.795,,0.094
ADM3_Lohagara_836566,2025-26,2631,1938,2,0,27107,27097,0.737,,0.097
ADM3_Lohajang,2024-25,3410,3227,13027,213,32096,31581,0.946,0.016,0.106
ADM3_Lohajang,2025-26,3122,2914,12329,220,32096,31444,0.933,0.018,0.097
ADM3_Madan,2024-25,8262,8050,13734,13442,33874,33206,0.974,0.979,0.244
ADM3_Madan,2025-26,1341,538,11765,9891,33874,23384,0.401,0.841,0.04
ADM3_Madarganj,2024-25,4089,3982,66,12,16354,16352,0.974,0.182,0.25
ADM3_Madarganj,2025-26,5220,5205,73,27,16354,16354,0.997,0.37,0.319
ADM3_MadaripurSadar,2024-25,9825,9540,1020,103,40406,40400,0.971,0.101,0.243
ADM3_MadaripurSadar,2025-26,9942,9355,893,51,40406,40406,0.941,0.057,0.246
ADM3_Madhabpur,2024-25,7878,3968,4,3,20500,20382,0.504,,0.384
ADM3_Madhabpur,2025-26,4140,904,4,0,20500,20499,0.218,,0.202
ADM3_Madhukhali,2024-25,5450,5284,185,13,16229,16229,0.97,0.07,0.336
ADM3_Madhukhali,2025-26,5002,4939,504,14,16229,16224,0.987,0.028,0.308
ADM3_Madhupur,2024-25,6583,5104,0,0,54913,54911,0.775,,0.12
ADM3_Madhupur,2025-26,3451,2462,13,4,54913,54913,0.713,,0.063
ADM3_MaguraSadar,2024-25,13229,12792,37,0,41119,40997,0.967,,0.322
ADM3_MaguraSadar,2025-26,11686,11488,103,4,41119,41112,0.983,0.039,0.284
ADM3_Mahadebpur,2024-25,14361,13668,3,2,26892,26262,0.952,,0.534
ADM3_Mahadebpur,2025-26,6794,2301,25,1,26892,26892,0.339,,0.253
ADM3_Mahalchhari,2024-25,431,359,784,620,24397,23047,0.833,0.791,0.018
ADM3_Mahalchhari,2025-26,521,399,893,397,24397,24362,0.766,0.445,0.021
ADM3_Maheshkhali,2024-25,1136,54,3765,1,29335,25136,0.048,0.0,0.039
ADM3_Maheshkhali,2025-26,2100,148,4187,9,29335,28788,0.07,0.002,0.072
ADM3_Maheshpur,2024-25,6976,5979,0,0,31257,31201,0.857,,0.223
ADM3_Maheshpur,2025-26,6403,6116,1,0,31257,31257,0.955,,0.205
ADM3_Manda,2024-25,11922,11396,163,143,28859,28373,0.956,0.877,0.413
ADM3_Manda,2025-26,5865,3275,1343,512,28859,28859,0.558,0.381,0.203
ADM3_Manikchhari,2024-25,201,129,0,0,9405,9405,0.642,,0.021
ADM3_Manikchhari,2025-26,59,29,0,0,9405,9391,0.492,,0.006
ADM3_ManikganjSadar,2024-25,4315,3964,268,65,27697,27456,0.919,0.243,0.156
ADM3_ManikganjSadar,2025-26,6947,6737,401,97,27697,27697,0.97,0.242,0.251
ADM3_Manirampur,2024-25,5848,4175,728,34,30892,30243,0.714,0.047,0.189
ADM3_Manirampur,2025-26,5659,5180,1246,238,30892,30889,0.915,0.191,0.183
ADM3_Manohardi,2024-25,6167,5899,0,0,27213,27213,0.957,,0.227
ADM3_Manohardi,2025-26,5250,3911,29,15,27213,27213,0.745,,0.193
ADM3_Manoharganj,2024-25,1934,1812,1,1,19198,19198,0.937,,0.101
ADM3_Manoharganj,2025-26,1781,1690,2,1,19198,19198,0.949,,0.093
ADM3_Manpura,2024-25,3121,203,4897,8,21212,21211,0.065,0.002,0.147
ADM3_Manpura,2025-26,6154,610,4984,1,21212,21194,0.099,0.0,0.29
ADM3_Mathbaria,2024-25,1102,188,1377,215,39408,39403,0.171,0.156,0.028
ADM3_Mathbaria,2025-26,591,117,1428,0,39408,39408,0.198,0.0,0.015
ADM3_Matihar,2024-25,77,33,36,0,1221,1145,0.429,,0.063
ADM3_Matihar,2025-26,39,19,47,0,1221,1221,,,0.032
ADM3_Matiranga,2024-25,634,485,0,0,32178,32178,0.765,,0.02
ADM3_Matiranga,2025-26,603,417,0,0,32178,32178,0.692,,0.019
ADM3_MatlabDakshin,2024-25,4597,4483,0,0,20546,20329,0.975,,0.224
ADM3_MatlabDakshin,2025-26,5183,4986,0,0,20546,20546,0.962,,0.252
ADM3_MatlabUttar,2024-25,5739,5025,8287,260,59607,55568,0.876,0.031,0.096
ADM3_MatlabUttar,2025-26,8356,6610,8275,301,59607,59554,0.791,0.036,0.14
ADM3_MaulviBazarSadar,2024-25,8822,3878,4,0,24679,24679,0.44,,0.357
ADM3_MaulviBazarSadar,2025-26,7709,2064,190,39,24679,23673,0.268,0.205,0.312
ADM3_Meghna,2024-25,1481,1384,2159,746,14836,14206,0.935,0.346,0.1
ADM3_Meghna,2025-26,2605,2436,1847,342,14836,14813,0.935,0.185,0.176
ADM3_Mehendiganj,2024-25,2491,1289,8437,231,40190,40190,0.517,0.027,0.062
ADM3_Mehendiganj,2025-26,4270,847,8178,100,40190,39686,0.198,0.012,0.106
ADM3_MeherpurSadar,2024-25,3273,2981,0,0,18198,17496,0.911,,0.18
ADM3_MeherpurSadar,2025-26,1640,1511,12,9,18198,18198,0.921,,0.09
ADM3_Melandaha,2024-25,5163,5007,47,31,18230,18230,0.97,,0.283
ADM3_Melandaha,2025-26,3913,3886,183,93,18230,18230,0.993,0.508,0.215
ADM3_Mirpur_169518,2024-25,3,1,0,0,910,195,,,0.003
ADM3_Mirpur_169518,2025-26,26,0,0,0,910,910,,,0.029
ADM3_Mirpur_956594,2024-25,10697,9856,831,17,34299,33834,0.921,0.02,0.312
ADM3_Mirpur_956594,2025-26,8659,7965,1409,6,34299,34297,0.92,0.004,0.252
ADM3_Mirsharai,2024-25,1817,734,401,2,31901,31890,0.404,0.005,0.057
ADM3_Mirsharai,2025-26,819,320,367,2,31901,31729,0.391,0.005,0.026
ADM3_Mirzaganj,2024-25,142,89,3247,332,24649,24597,0.627,0.102,0.006
ADM3_Mirzaganj,2025-26,321,76,2904,0,24649,24649,0.237,0.0,0.013
ADM3_Mirzapur,2024-25,9013,8314,376,107,50229,50227,0.922,0.285,0.179
ADM3_Mirzapur,2025-26,9883,8572,389,59,50229,50229,0.867,0.152,0.197
ADM3_MithaPukur,2024-25,11182,8378,4,3,36057,25667,0.749,,0.31
ADM3_MithaPukur,2025-26,13925,7347,26,0,36057,35973,0.528,,0.386
ADM3_Mithamain,2024-25,492,451,22046,20657,31014,29814,0.917,0.937,0.016
ADM3_Mithamain,2025-26,739,707,8966,7696,31014,16188,0.957,0.858,0.024
ADM3_Mohammadpur_517929,2024-25,24,1,0,0,1002,571,,,0.024
ADM3_Mohammadpur_517929,2025-26,47,0,8,1,1002,1002,,,0.047
ADM3_Mohammadpur_792291,2024-25,8133,7776,264,17,23374,23365,0.956,0.064,0.348
ADM3_Mohammadpur_792291,2025-26,7929,7797,668,11,23374,23374,0.983,0.016,0.339
ADM3_Mohanganj,2024-25,7711,7158,13529,13117,36661,36203,0.928,0.97,0.21
ADM3_Mohanganj,2025-26,1824,772,13734,11861,36661,35101,0.423,0.864,0.05
ADM3_Mohanpur,2024-25,4247,3714,20,19,11060,11002,0.874,,0.384
ADM3_Mohanpur,2025-26,2479,2175,320,101,11060,11060,0.877,0.316,0.224
ADM3_Mollahat,2024-25,2567,2201,205,44,12262,12261,0.857,0.215,0.209
ADM3_Mollahat,2025-26,1210,835,379,67,12262,12261,0.69,0.177,0.099
ADM3_Mongla,2024-25,1346,149,6474,6,92117,90117,0.111,0.001,0.015
ADM3_Mongla,2025-26,552,28,8180,108,92117,92104,0.051,0.013,0.006
ADM3_Morrelganj,2024-25,4777,1553,4804,172,48678,48603,0.325,0.036,0.098
ADM3_Morrelganj,2025-26,1069,404,4802,86,48678,48678,0.378,0.018,0.022
ADM3_Motijheel,2024-25,50,2,0,0,520,520,0.04,,0.096
ADM3_Motijheel,2025-26,10,0,0,0,520,520,,,0.019
ADM3_MujibNagar,2024-25,2550,2368,0,0,8039,7856,0.929,,0.317
ADM3_MujibNagar,2025-26,1524,1467,0,0,8039,8039,0.963,,0.19
ADM3_Muksudpur,2024-25,9078,8955,49,11,30300,30292,0.986,,0.3
ADM3_Muksudpur,2025-26,8296,7925,55,7,30300,30300,0.955,0.127,0.274
ADM3_Muktagachha,2024-25,11595,9869,0,0,44368,44368,0.851,,0.261
ADM3_Muktagachha,2025-26,5399,2350,14,2,44368,44368,0.435,,0.122
ADM3_Muladi,2024-25,3167,2520,3317,75,30720,30700,0.796,0.023,0.103
ADM3_Muladi,2025-26,4149,2377,3347,85,30720,30661,0.573,0.025,0.135
ADM3_MunshiganjSadar,2024-25,13149,12701,1677,107,30602,29879,0.966,0.064,0.43
ADM3_MunshiganjSadar,2025-26,13456,13078,1958,81,30602,30233,0.972,0.041,0.44
ADM3_Muradnagar,2024-25,6339,5788,146,45,46179,44179,0.913,0.308,0.137
ADM3_Muradnagar,2025-26,7861,6868,233,109,46179,46179,0.874,0.468,0.17
ADM3_MymensinghSadar,2024-25,10410,8896,383,8,52644,52550,0.855,0.021,0.198
ADM3_MymensinghSadar,2025-26,4052,1459,1017,7,52644,52526,0.36,0.007,0.077
ADM3_Nabiganj,2024-25,14727,11204,160,127,30096,30096,0.761,0.794,0.489
ADM3_Nabiganj,2025-26,11965,8116,272,214,30096,29167,0.678,0.787,0.398
ADM3_Nabinagar,2024-25,11190,10305,3278,1952,49025,47542,0.921,0.595,0.228
ADM3_Nabinagar,2025-26,10900,8928,3085,1833,49025,48971,0.819,0.594,0.222
ADM3_Nachole,2024-25,7948,7746,39,22,19684,19188,0.975,,0.404
ADM3_Nachole,2025-26,9114,7076,43,9,19684,19684,0.776,,0.463
ADM3_Nagarkanda,2024-25,7955,7618,32,28,21422,21422,0.958,,0.371
ADM3_Nagarkanda,2025-26,8600,8409,114,102,21422,21422,0.978,0.895,0.401
ADM3_Nagarpur,2024-25,4009,3803,527,73,19435,19435,0.949,0.139,0.206
ADM3_Nagarpur,2025-26,5204,5014,624,118,19435,19435,0.963,0.189,0.268
ADM3_Nageshwari,2024-25,7012,3842,1707,20,29436,26494,0.548,0.012,0.238
ADM3_Nageshwari,2025-26,7234,1936,1949,26,29436,29433,0.268,0.013,0.246
ADM3_Naikhongchhari,2024-25,616,517,0,0,36409,36088,0.839,,0.017
ADM3_Naikhongchhari,2025-26,451,359,1,0,36409,36409,0.796,,0.012
ADM3_Nakla,2024-25,6118,5941,33,25,24159,24159,0.971,,0.253
ADM3_Nakla,2025-26,3373,2867,248,33,24159,24159,0.85,0.133,0.14
ADM3_Nalchity,2024-25,1018,743,2076,88,40181,40115,0.73,0.042,0.025
ADM3_Nalchity,2025-26,1566,766,2111,2,40181,40181,0.489,0.001,0.039
ADM3_Nalitabari,2024-25,21230,17318,99,71,48666,48666,0.816,0.717,0.436
ADM3_Nalitabari,2025-26,2105,693,337,25,48666,48666,0.329,0.074,0.043
ADM3_Nandail,2024-25,14964,14355,0,0,45815,43654,0.959,,0.327
ADM3_Nandail,2025-26,5687,581,64,3,45815,40823,0.102,0.047,0.124
ADM3_Nandigram,2024-25,6708,6555,0,0,18376,14323,0.977,,0.365
ADM3_Nandigram,2025-26,8264,5250,0,0,18376,18376,0.635,,0.45
ADM3_Nangalkot,2024-25,1078,934,10,4,17173,17170,0.866,,0.063
ADM3_Nangalkot,2025-26,411,333,7,0,17173,17173,0.81,,0.024
ADM3_Naniarchar,2024-25,533,178,1680,220,37029,35593,0.334,0.131,0.014
ADM3_Naniarchar,2025-26,810,179,518,65,37029,36999,0.221,0.125,0.022
ADM3_NaogaonSadar,2024-25,8270,7649,34,31,19322,18937,0.925,,0.428
ADM3_NaogaonSadar,2025-26,3426,1696,191,27,19322,19322,0.495,0.141,0.177
ADM3_NarailSadar,2024-25,7623,7034,59,10,26788,26788,0.923,0.169,0.285
ADM3_NarailSadar,2025-26,6460,6203,178,61,26788,26786,0.96,0.343,0.241
ADM3_NarayanganjSadar,2024-25,1628,1180,388,6,13917,7574,0.725,0.015,0.117
ADM3_NarayanganjSadar,2025-26,1897,1311,580,7,13917,13523,0.691,0.012,0.136
ADM3_Naria,2024-25,5530,5020,3693,172,35876,35243,0.908,0.047,0.154
ADM3_Naria,2025-26,5443,4940,3531,106,35876,34546,0.908,0.03,0.152
ADM3_NarsingdiSadar,2024-25,3602,2748,3587,946,30561,29775,0.763,0.264,0.118
ADM3_NarsingdiSadar,2025-26,3972,2738,3288,394,30561,30518,0.689,0.12,0.13
ADM3_Nasirnagar,2024-25,8846,6352,6387,5300,26311,24584,0.718,0.83,0.336
ADM3_Nasirnagar,2025-26,6023,3083,4579,2780,26311,26024,0.512,0.607,0.229
ADM3_NatoreSadar,2024-25,9301,8810,3224,3213,56255,45332,0.947,0.997,0.165
ADM3_NatoreSadar,2025-26,7546,6875,5517,3376,56255,56200,0.911,0.612,0.134
ADM3_NawabganjSadar,2024-25,5410,4505,3112,250,30057,29821,0.833,0.08,0.18
ADM3_NawabganjSadar,2025-26,4622,2270,4588,401,30057,30051,0.491,0.087,0.154
ADM3_Nawabganj_222310,2024-25,6016,5750,385,37,33819,33679,0.956,0.096,0.178
ADM3_Nawabganj_222310,2025-26,6369,5931,485,16,33819,33819,0.931,0.033,0.188
ADM3_Nawabganj_718336,2024-25,11920,7302,5,0,32519,24061,0.613,,0.367
ADM3_Nawabganj_718336,2025-26,14554,3994,5,0,32519,32489,0.274,,0.448
ADM3_Nazirpur,2024-25,4246,4211,458,98,27831,27831,0.992,0.214,0.153
ADM3_Nazirpur,2025-26,2584,2376,468,39,27831,27831,0.92,0.083,0.093
ADM3_NesarabadSwarupkati,2024-25,418,355,1248,53,20166,20164,0.849,0.042,0.021
ADM3_NesarabadSwarupkati,2025-26,294,174,1154,18,20166,20166,0.592,0.016,0.015
ADM3_NetrokonaSadar,2024-25,18322,17924,331,112,46540,46529,0.978,0.338,0.394
ADM3_NetrokonaSadar,2025-26,3649,602,559,50,46540,39864,0.165,0.089,0.078
ADM3_NewMarket,2024-25,4,0,0,0,232,156,,,0.017
ADM3_NewMarket,2025-26,7,1,0,0,232,232,,,0.03
ADM3_Niamatpur,2024-25,20157,19826,19,19,30979,29420,0.984,,0.651
ADM3_Niamatpur,2025-26,20535,8726,178,137,30979,30978,0.425,0.77,0.663
ADM3_Nikli,2024-25,1286,1225,28830,25833,40194,39627,0.953,0.896,0.032
ADM3_Nikli,2025-26,1394,1244,17400,14177,40194,32764,0.892,0.815,0.035
ADM3_NilphamariSadar,2024-25,12210,11786,0,0,26106,26031,0.965,,0.468
ADM3_NilphamariSadar,2025-26,11408,9567,5,0,26106,26087,0.839,,0.437
ADM3_NoakhaliSadarSudharam,2024-25,3372,2937,12,12,42654,42511,0.871,,0.079
ADM3_NoakhaliSadarSudharam,2025-26,2633,1248,17,14,42654,42654,0.474,,0.062
ADM3_Paba,2024-25,5006,3739,6203,742,30609,29165,0.747,0.12,0.164
ADM3_Paba,2025-26,3700,2646,5984,98,30609,30609,0.715,0.016,0.121
ADM3_PabnaSadar,2024-25,6754,6162,2282,182,29690,29357,0.912,0.08,0.227
ADM3_PabnaSadar,2025-26,5594,5135,2277,59,29690,29687,0.918,0.026,0.188
ADM3_Pahartali,2024-25,19,1,20,1,666,665,,,0.029
ADM3_Pahartali,2025-26,18,4,5,0,666,665,,,0.027
ADM3_Paikgachha,2024-25,9508,980,7753,17,37749,37521,0.103,0.002,0.252
ADM3_Paikgachha,2025-26,2090,373,11362,248,37749,37749,0.178,0.022,0.055
ADM3_Pakundia,2024-25,9911,9591,0,0,40541,40437,0.968,,0.244
ADM3_Pakundia,2025-26,6448,4057,348,11,40541,40524,0.629,0.032,0.159
ADM3_Palash,2024-25,1320,1034,0,0,13518,13518,0.783,,0.098
ADM3_Palash,2025-26,1172,799,277,22,13518,13518,0.682,0.079,0.087
ADM3_Palashbari,2024-25,4599,2869,5,0,25122,14957,0.624,,0.183
ADM3_Palashbari,2025-26,4863,2042,27,2,25122,24553,0.42,,0.194
ADM3_Pallabi,2024-25,41,3,5,0,1496,928,,,0.027
ADM3_Pallabi,2025-26,46,1,6,0,1496,1496,,,0.031
ADM3_Paltan,2024-25,9,0,0,0,167,167,,,0.054
ADM3_Paltan,2025-26,3,0,0,0,167,167,,,0.018
ADM3_PanchagarhSadar,2024-25,10172,7590,41,1,24066,24052,0.746,,0.423
ADM3_PanchagarhSadar,2025-26,9448,4756,20,0,24066,24066,0.503,,0.393
ADM3_Panchbibi,2024-25,12418,10428,1,0,41714,28148,0.84,,0.298
ADM3_Panchbibi,2025-26,21991,16616,9,0,41714,41699,0.756,,0.527
ADM3_Panchhari,2024-25,377,295,2,0,28379,28379,0.782,,0.013
ADM3_Panchhari,2025-26,309,129,1,0,28379,28379,0.417,,0.011
ADM3_Panchlaish,2024-25,7,1,0,0,439,438,,,0.016
ADM3_Panchlaish,2025-26,9,0,0,0,439,439,,,0.021
ADM3_Pangsha,2024-25,6922,6332,752,22,17751,17695,0.915,0.029,0.39
ADM3_Pangsha,2025-26,6286,6032,1180,16,17751,17749,0.96,0.014,0.354
ADM3_Parbatipur,2024-25,14593,13098,2,0,31808,27959,0.898,,0.459
ADM3_Parbatipur,2025-26,15226,6173,0,0,31808,31765,0.405,,0.479
ADM3_Parshuram,2024-25,784,199,10,0,7062,7029,0.254,,0.111
ADM3_Parshuram,2025-26,494,118,7,0,7062,7040,0.239,,0.07
ADM3_Patenga,2024-25,36,1,134,0,1976,1696,,0.0,0.018
ADM3_Patenga,2025-26,45,4,85,0,1976,1975,,0.0,0.023
ADM3_Patgram,2024-25,10135,9867,114,8,28875,19940,0.974,0.07,0.351
ADM3_Patgram,2025-26,6185,6124,141,5,28875,28875,0.99,0.035,0.214
ADM3_Patharghata,2024-25,3513,376,999,4,30553,30553,0.107,0.004,0.115
ADM3_Patharghata,2025-26,1890,219,710,0,30553,30553,0.116,0.0,0.062
ADM3_Patiya,2024-25,209,31,71,0,25725,24763,0.148,0.0,0.008
ADM3_Patiya,2025-26,564,285,88,0,25725,25715,0.505,0.0,0.022
ADM3_Patnitala,2024-25,11984,11302,0,0,26891,26583,0.943,,0.446
ADM3_Patnitala,2025-26,9009,4203,13,0,26891,26891,0.467,,0.335
ADM3_PatuakhaliSadar,2024-25,600,274,3458,78,50958,48678,0.457,0.023,0.012
ADM3_PatuakhaliSadar,2025-26,2841,235,3176,1,50958,50958,0.083,0.0,0.056
ADM3_Pekua,2024-25,0,0,1246,0,9519,9410,,0.0,0.0
ADM3_Pekua,2025-26,995,56,1194,1,9519,9459,0.056,0.001,0.105
ADM3_Phulbari,2024-25,2896,2144,194,1,11465,9266,0.74,0.005,0.253
ADM3_Phulbari,2025-26,3464,1557,310,4,11465,11463,0.449,0.013,0.302
ADM3_Phulpur,2024-25,26459,24937,103,90,79084,79084,0.942,0.874,0.335
ADM3_Phulpur,2025-26,4661,1285,506,133,79084,79084,0.276,0.263,0.059
ADM3_Phultala,2024-25,894,427,50,1,3936,3936,0.478,0.02,0.227
ADM3_Phultala,2025-26,374,177,78,10,3936,3936,0.473,0.128,0.095
ADM3_Pirgachha,2024-25,4412,3591,90,0,18292,11025,0.814,0.0,0.241
ADM3_Pirgachha,2025-26,6777,4617,96,2,18292,18260,0.681,0.021,0.37
ADM3_Pirganj_117283,2024-25,9426,4713,12,0,28471,22876,0.5,,0.331
ADM3_Pirganj_117283,2025-26,9214,2687,29,0,28471,28243,0.292,,0.324
ADM3_Pirganj_912558,2024-25,13541,12876,0,0,24154,23604,0.951,,0.561
ADM3_Pirganj_912558,2025-26,13748,11769,9,1,24154,24153,0.856,,0.569
ADM3_PirojpurSadar,2024-25,666,596,1098,23,26112,26034,0.895,0.021,0.026
ADM3_PirojpurSadar,2025-26,257,147,1016,22,26112,26112,0.572,0.022,0.01
ADM3_Porsha,2024-25,7742,7284,191,190,18508,18469,0.941,0.995,0.418
ADM3_Porsha,2025-26,5905,2248,808,191,18508,18508,0.381,0.236,0.319
ADM3_Purbadhala,2024-25,18117,17765,98,11,44292,44292,0.981,0.112,0.409
ADM3_Purbadhala,2025-26,3906,535,541,92,44292,42734,0.137,0.17,0.088
ADM3_Puthia,2024-25,3371,3078,24,6,20978,17836,0.913,,0.161
ADM3_Puthia,2025-26,2531,2253,35,1,20978,20978,0.89,,0.121
ADM3_Rajapur,2024-25,135,74,1636,140,36226,36197,0.548,0.086,0.004
ADM3_Rajapur,2025-26,192,82,1651,0,36226,36226,0.427,0.0,0.005
ADM3_Rajarhat,2024-25,2486,1663,501,2,11490,7671,0.669,0.004,0.216
ADM3_Rajarhat,2025-26,2563,1588,448,2,11490,11475,0.62,0.004,0.223
ADM3_Rajasthali,2024-25,52,25,0,0,10870,5958,0.481,,0.005
ADM3_Rajasthali,2025-26,91,44,0,0,10870,10869,0.484,,0.008
ADM3_RajbariSadar,2024-25,4692,4386,2044,18,22661,22659,0.935,0.009,0.207
ADM3_RajbariSadar,2025-26,4259,4106,2503,10,22661,22661,0.964,0.004,0.188
ADM3_Rajnagar,2024-25,5091,4140,876,752,23161,23161,0.813,0.858,0.22
ADM3_Rajnagar,2025-26,4007,3005,462,279,23161,14550,0.75,0.604,0.173
ADM3_Rajoir,2024-25,6349,6253,66,2,24996,24996,0.985,0.03,0.254
ADM3_Rajoir,2025-26,5544,4931,37,6,24996,24996,0.889,,0.222
ADM3_Rajpara,2024-25,57,9,148,1,1627,1302,0.158,0.007,0.035
ADM3_Rajpara,2025-26,41,5,177,4,1627,1627,,0.023,0.025
ADM3_Ramganj,2024-25,1322,1201,0,0,24790,24790,0.908,,0.053
ADM3_Ramganj,2025-26,1549,1401,1,1,24790,24790,0.904,,0.062
ADM3_Ramgarh,2024-25,232,126,4,1,17104,17104,0.543,,0.014
ADM3_Ramgarh,2025-26,106,32,1,0,17104,17095,0.302,,0.006
ADM3_Ramgati,2024-25,1827,1207,10291,0,27192,27191,0.661,0.0,0.067
ADM3_Ramgati,2025-26,3602,700,10565,0,27192,27192,0.194,0.0,0.132
ADM3_Ramna,2024-25,33,4,0,0,483,467,,,0.068
ADM3_Ramna,2025-26,13,0,0,0,483,483,,,0.027
ADM3_Rampal,2024-25,2966,647,7144,51,28361,26483,0.218,0.007,0.105
ADM3_Rampal,2025-26,895,158,8825,68,28361,28359,0.177,0.008,0.032
ADM3_Rampura,2024-25,6,1,0,0,433,433,,,0.014
ADM3_Rampura,2025-26,9,1,0,0,433,433,,,0.021
ADM3_Ramu,2024-25,4471,3187,53,13,41270,36930,0.713,0.245,0.108
ADM3_Ramu,2025-26,3844,2309,71,17,41270,41048,0.601,0.239,0.093
ADM3_RangamatiSadar,2024-25,1393,477,1290,172,60546,47004,0.342,0.133,0.023
ADM3_RangamatiSadar,2025-26,2334,579,1730,204,60546,58847,0.248,0.118,0.039
ADM3_RangpurSadar,2024-25,5659,4653,0,0,22391,13007,0.822,,0.253
ADM3_RangpurSadar,2025-26,8618,6746,2,0,22391,22277,0.783,,0.385
ADM3_Rangunia,2024-25,4282,2916,152,5,52663,50499,0.681,0.033,0.081
ADM3_Rangunia,2025-26,6102,2529,486,6,52663,52509,0.414,0.012,0.116
ADM3_Raninagar,2024-25,15372,15047,16,5,25532,23472,0.979,,0.602
ADM3_Raninagar,2025-26,7677,2490,141,74,25532,25532,0.324,0.525,0.301
ADM3_Ranisankail,2024-25,12088,11558,0,0,20104,20086,0.956,,0.601
ADM3_Ranisankail,2025-26,12346,10767,7,3,20104,20104,0.872,,0.614
ADM3_Raozan,2024-25,1970,1059,14,0,23976,23906,0.538,,0.082
ADM3_Raozan,2025-26,1698,975,58,0,23976,23963,0.574,0.0,0.071
ADM3_Raumari,2024-25,5103,4908,733,38,14053,14028,0.962,0.052,0.363
ADM3_Raumari,2025-26,5556,4909,835,36,14053,14053,0.884,0.043,0.395
ADM3_Rowangchhari,2024-25,109,88,0,0,33514,30148,0.807,,0.003
ADM3_Rowangchhari,2025-26,125,110,28,3,33514,33494,0.88,,0.004
ADM3_Royganj,2024-25,4176,3802,12,2,18614,14349,0.91,,0.224
ADM3_Royganj,2025-26,6481,5147,103,26,18614,18614,0.794,0.252,0.348
ADM3_Roypur,2024-25,864,774,670,45,27368,27364,0.896,0.067,0.032
ADM3_Roypur,2025-26,2629,192,692,6,27368,27368,0.073,0.009,0.096
ADM3_Roypura,2024-25,4762,4502,7055,3087,44158,41630,0.945,0.438,0.108
ADM3_Roypura,2025-26,6074,4493,5832,1472,44158,44087,0.74,0.252,0.138
ADM3_Ruma,2024-25,111,86,2,0,47645,47566,0.775,,0.002
ADM3_Ruma,2025-26,61,54,11,5,47645,47029,0.885,,0.001
ADM3_Rupganj,2024-25,2491,642,288,22,25412,24293,0.258,0.076,0.098
ADM3_Rupganj,2025-26,1463,335,459,13,25412,25411,0.229,0.028,0.058
ADM3_Rupsa,2024-25,1274,999,299,38,8335,8335,0.784,0.127,0.153
ADM3_Rupsa,2025-26,705,412,459,65,8335,8333,0.584,0.142,0.085
ADM3_Sabujbagh,2024-25,54,3,0,0,901,901,0.056,,0.06
ADM3_Sabujbagh,2025-26,40,7,0,0,901,901,,,0.044
ADM3_Sadarpur,2024-25,9240,8135,7669,405,46065,46056,0.88,0.053,0.201
ADM3_Sadarpur,2025-26,9933,9374,7176,278,46065,45800,0.944,0.039,0.216
ADM3_Sadullapur,2024-25,3347,1744,1,0,16279,10373,0.521,,0.206
ADM3_Sadullapur,2025-26,2697,959,5,0,16279,16051,0.356,,0.166
ADM3_Saghatta,2024-25,2706,2469,2227,55,16687,11034,0.912,0.025,0.162
ADM3_Saghatta,2025-26,3288,1146,2311,72,16687,16659,0.349,0.031,0.197
ADM3_Saidpur,2024-25,3068,2660,0,0,8354,8214,0.867,,0.367
ADM3_Saidpur,2025-26,2344,1105,0,0,8354,8354,0.471,,0.281
ADM3_Sakhipur,2024-25,7529,5941,78,77,84188,84053,0.789,0.987,0.089
ADM3_Sakhipur,2025-26,5635,3889,120,118,84188,84188,0.69,0.983,0.067
ADM3_Saltha,2024-25,9686,9229,9,7,21217,21217,0.953,,0.457
ADM3_Saltha,2025-26,8824,8763,24,23,21217,21217,0.993,,0.416
ADM3_Sandwip,2024-25,5169,248,1435,3,30142,30107,0.048,0.002,0.171
ADM3_Sandwip,2025-26,4057,117,751,0,30142,29993,0.029,0.0,0.135
ADM3_Santhia,2024-25,11296,10878,47,36,23504,23504,0.963,,0.481
ADM3_Santhia,2025-26,9162,8782,54,36,23504,23492,0.959,0.667,0.39
ADM3_Sapahar,2024-25,5078,4633,25,10,17000,16935,0.912,,0.299
ADM3_Sapahar,2025-26,4267,2779,86,21,17000,17000,0.651,0.244,0.251
ADM3_Sarail,2024-25,6941,5369,8005,6208,24909,23479,0.774,0.776,0.279
ADM3_Sarail,2025-26,5288,2078,5802,3719,24909,24823,0.393,0.641,0.212
ADM3_Sarankhola,2024-25,2068,314,2553,12,47281,47261,0.152,0.005,0.044
ADM3_Sarankhola,2025-26,298,75,2430,45,47281,47281,0.252,0.019,0.006
ADM3_Sariakandi,2024-25,2426,2058,9014,214,28252,24763,0.848,0.024,0.086
ADM3_Sariakandi,2025-26,4808,3745,9675,136,28252,28193,0.779,0.014,0.17
ADM3_Sarishabari,2024-25,4686,4469,545,85,19008,19006,0.954,0.156,0.247
ADM3_Sarishabari,2025-26,4788,4734,719,235,19008,19008,0.989,0.327,0.252
ADM3_Satkania,2024-25,1454,1079,172,1,27601,26665,0.742,0.006,0.053
ADM3_Satkania,2025-26,2524,1619,261,5,27601,27583,0.641,0.019,0.091
ADM3_SatkhiraSadar,2024-25,10364,8591,654,274,40262,35564,0.829,0.419,0.257
ADM3_SatkhiraSadar,2025-26,5553,5010,1957,970,40262,40246,0.902,0.496,0.138
ADM3_Saturia,2024-25,3887,3809,22,11,18450,18344,0.98,,0.211
ADM3_Saturia,2025-26,5191,4982,120,85,18450,18450,0.96,0.708,0.281
ADM3_Savar,2024-25,3140,1583,2453,1733,39692,36104,0.504,0.706,0.079
ADM3_Savar,2025-26,2669,1291,2650,1512,39692,39692,0.484,0.571,0.067
ADM3_Senbagh,2024-25,822,757,1,0,11652,11652,0.921,,0.071
ADM3_Senbagh,2025-26,288,259,0,0,11652,11652,0.899,,0.025
ADM3_Serajdikhan,2024-25,5300,4984,329,66,24163,21501,0.94,0.201,0.219
ADM3_Serajdikhan,2025-26,6255,5868,177,6,24163,24152,0.938,0.034,0.259
ADM3_ShahAli,2024-25,9,0,2,0,518,507,,,0.017
ADM3_ShahAli,2025-26,24,0,1,0,518,518,,,0.046
ADM3_ShahMakhdum,2024-25,26,12,0,0,857,551,,,0.03
ADM3_ShahMakhdum,2025-26,23,5,0,0,857,857,,,0.027
ADM3_Shahbagh,2024-25,47,3,0,0,555,539,,,0.085
ADM3_Shahbagh,2025-26,29,2,0,0,555,555,,,0.052
ADM3_Shahjadpur,2024-25,2199,1773,3532,1115,22465,22417,0.806,0.316,0.098
ADM3_Shahjadpur,2025-26,3678,3558,3620,1042,22465,22465,0.967,0.288,0.164
ADM3_Shahrasti,2024-25,1281,1144,1,0,21074,21059,0.893,,0.061
ADM3_Shahrasti,2025-26,1891,1706,0,0,21074,21074,0.902,,0.09
ADM3_Shailkupa,2024-25,9224,9061,1,0,26059,24639,0.982,,0.354
ADM3_Shailkupa,2025-26,8836,8518,10,0,26059,26059,0.964,,0.339
ADM3_Shajahanpur,2024-25,2517,2269,5,2,15549,12378,0.901,,0.162
ADM3_Shajahanpur,2025-26,5471,4688,5,0,15549,15549,0.857,,0.352
ADM3_Shalikha,2024-25,8363,8242,0,0,17819,17749,0.986,,0.469
ADM3_Shalikha,2025-26,5744,5663,9,9,17819,17817,0.986,,0.322
ADM3_ShariatpurSadar,2024-25,4636,4417,46,0,24364,24025,0.953,,0.19
ADM3_ShariatpurSadar,2025-26,4662,4413,25,0,24364,24364,0.947,,0.191
ADM3_Sharsha,2024-25,6055,5024,0,0,33646,32321,0.83,,0.18
ADM3_Sharsha,2025-26,7867,7429,0,0,33646,33646,0.944,,0.234
ADM3_SherebanglaNagar,2024-25,41,5,0,0,603,475,,,0.068
ADM3_SherebanglaNagar,2025-26,53,3,0,0,603,603,0.057,,0.088
ADM3_Sherpur,2024-25,4377,4224,11,0,20668,13936,0.965,,0.212
ADM3_Sherpur,2025-26,9117,6478,52,5,20668,20668,0.711,0.096,0.441
ADM3_SherpurSadar,2024-25,15875,14929,19,18,48911,48911,0.94,,0.325
ADM3_SherpurSadar,2025-26,8892,7452,262,47,48911,48911,0.838,0.179,0.182
ADM3_ShibChar,2024-25,10765,9825,17335,604,64422,64396,0.913,0.035,0.167
ADM3_ShibChar,2025-26,11727,11102,16080,339,64422,63437,0.947,0.021,0.182
ADM3_Shibalaya,2024-25,3367,2956,3565,56,13905,13905,0.878,0.016,0.242
ADM3_Shibalaya,2025-26,3131,2762,3559,55,13905,13905,0.882,0.015,0.225
ADM3_Shibganj_340057,2024-25,2833,2549,1,0,21781,18946,0.9,,0.13
ADM3_Shibganj_340057,2025-26,9350,8489,0,0,21781,21773,0.908,,0.429
ADM3_Shibganj_581700,2024-25,1898,1490,3029,147,41425,38724,0.785,0.049,0.046
ADM3_Shibganj_581700,2025-26,1131,895,2969,133,41425,41420,0.791,0.045,0.027
ADM3_Shibpur,2024-25,3988,3676,0,0,29864,29864,0.922,,0.134
ADM3_Shibpur,2025-26,3647,2403,24,10,29864,29864,0.659,,0.122
ADM3_Shyamnagar,2024-25,11469,1921,6025,15,110730,110730,0.167,0.002,0.104
ADM3_Shyamnagar,2025-26,3926,255,10644,75,110730,110730,0.065,0.007,0.035
ADM3_Shyampur,2024-25,1,1,3,0,310,210,,,0.003
ADM3_Shyampur,2025-26,3,0,2,0,310,310,,,0.01
ADM3_Singair,2024-25,4244,3761,231,22,29509,29430,0.886,0.095,0.144
ADM3_Singair,2025-26,6236,5915,373,46,29509,29509,0.949,0.123,0.211
ADM3_Singra,2024-25,13393,13282,257,239,38463,29134,0.992,0.93,0.348
ADM3_Singra,2025-26,8844,7628,335,269,38463,38460,0.863,0.803,0.23
ADM3_SirajganjSadar,2024-25,2425,2023,4021,107,22990,22294,0.834,0.027,0.105
ADM3_SirajganjSadar,2025-26,3361,3108,4085,119,22990,22967,0.925,0.029,0.146
ADM3_Sitakunda,2024-25,972,120,594,2,23985,23984,0.123,0.003,0.041
ADM3_Sitakunda,2025-26,296,48,219,0,23985,23982,0.162,0.0,0.012
ADM3_Sonadanga,2024-25,41,6,0,0,602,546,,,0.068
ADM3_Sonadanga,2025-26,7,1,0,0,602,602,,,0.012
ADM3_Sonagazi,2024-25,1538,891,845,1,14573,14464,0.579,0.001,0.106
ADM3_Sonagazi,2025-26,1494,547,799,7,14573,14527,0.366,0.009,0.103
ADM3_Sonaimuri,2024-25,1938,1856,0,0,18844,18843,0.958,,0.103
ADM3_Sonaimuri,2025-26,1759,1705,4,3,18844,18844,0.969,,0.093
ADM3_Sonargaon,2024-25,2140,1504,2236,443,24954,23222,0.703,0.198,0.086
ADM3_Sonargaon,2025-26,2349,1552,1961,105,24954,24911,0.661,0.054,0.094
ADM3_Sonatola,2024-25,1365,1301,283,12,10867,6543,0.953,0.042,0.126
ADM3_Sonatola,2025-26,2517,1104,368,6,10867,10867,0.439,0.016,0.232
ADM3_Sreebardi,2024-25,8701,8484,0,0,29219,29219,0.975,,0.298
ADM3_Sreebardi,2025-26,5601,4800,5,1,29219,29219,0.857,,0.192
ADM3_Sreemangal,2024-25,4749,2363,718,684,41230,41196,0.498,0.953,0.115
ADM3_Sreemangal,2025-26,2979,1261,221,72,41230,39174,0.423,0.326,0.072
ADM3_Sreenagar,2024-25,4532,4265,1003,26,27739,27047,0.941,0.026,0.163
ADM3_Sreenagar,2025-26,4973,4628,919,5,27739,27727,0.931,0.005,0.179
ADM3_Sreepur_021808,2024-25,4744,4687,3,0,12673,12673,0.988,,0.374
ADM3_Sreepur_021808,2025-26,4836,4803,163,0,12673,12673,0.993,0.0,0.382
ADM3_Sreepur_171075,2024-25,7079,5728,0,0,70087,69637,0.809,,0.101
ADM3_Sreepur_171075,2025-26,4708,2254,135,27,70087,70018,0.479,0.2,0.067
ADM3_Subarnachar,2024-25,4368,2329,6594,0,57846,57324,0.533,0.0,0.076
ADM3_Subarnachar,2025-26,5225,1645,3807,0,57846,57689,0.315,0.0,0.09
ADM3_Sujanagar,2024-25,9124,8822,2091,45,22834,22827,0.967,0.022,0.4
ADM3_Sujanagar,2025-26,7421,7276,2550,35,22834,22834,0.98,0.014,0.325
ADM3_Sulla,2024-25,836,823,12724,11716,18353,16364,0.984,0.921,0.046
ADM3_Sulla,2025-26,694,692,10142,9596,18353,14208,0.997,0.946,0.038
ADM3_SunamganjSadar,2024-25,3626,2396,4204,3636,19305,19277,0.661,0.865,0.188
ADM3_SunamganjSadar,2025-26,3637,2509,3786,3179,19305,19140,0.69,0.84,0.188
ADM3_Sundarganj,2024-25,5433,3078,2773,21,28843,17252,0.567,0.008,0.188
ADM3_Sundarganj,2025-26,7605,3320,3015,65,28843,28758,0.437,0.022,0.264
ADM3_Sutrapur,2024-25,8,1,0,0,318,305,,,0.025
ADM3_Sutrapur,2025-26,0,0,2,0,318,318,,,0.0
ADM3_SylhetSadar,2024-25,4461,1208,492,235,22090,22090,0.271,0.478,0.202
ADM3_SylhetSadar,2025-26,3282,659,1004,492,22090,22044,0.201,0.49,0.149
ADM3_Tahirpur,2024-25,1362,982,9936,7771,28033,21298,0.721,0.782,0.049
ADM3_Tahirpur,2025-26,1879,1585,10187,8390,28033,24499,0.844,0.824,0.067
ADM3_Tala,2024-25,4685,4030,1302,741,23281,22973,0.86,0.569,0.201
ADM3_Tala,2025-26,2890,2507,1576,866,23281,23281,0.867,0.549,0.124
ADM3_TangailSadar,2024-25,4115,3581,2399,45,29340,29317,0.87,0.019,0.14
ADM3_TangailSadar,2025-26,3479,3240,2578,119,29340,29340,0.931,0.046,0.119
ADM3_Tanore,2024-25,13176,12862,87,87,20653,20281,0.976,1.0,0.638
ADM3_Tanore,2025-26,13899,12164,731,356,20653,20652,0.875,0.487,0.673
ADM3_Taraganj,2024-25,5833,5281,1,0,15459,12347,0.905,,0.377
ADM3_Taraganj,2025-26,6611,4565,4,0,15459,15458,0.691,,0.428
ADM3_Tarail,2024-25,4407,4327,1902,1842,19864,19724,0.982,0.968,0.222
ADM3_Tarail,2025-26,1130,841,781,678,19864,10110,0.744,0.868,0.057
ADM3_Tarash,2024-25,5681,5414,1088,1010,25679,19652,0.953,0.928,0.221
ADM3_Tarash,2025-26,8186,7401,1457,1395,25679,25627,0.904,0.957,0.319
ADM3_Tazumuddin,2024-25,3858,2215,7438,60,27447,27420,0.574,0.008,0.141
ADM3_Tazumuddin,2025-26,7634,3932,8126,0,27447,27435,0.515,0.0,0.278
ADM3_Tejgaon,2024-25,8,0,0,0,346,144,,,0.023
ADM3_Tejgaon,2025-26,7,0,0,0,346,346,,,0.02
ADM3_TejgaonIndArea,2024-25,28,4,12,0,463,310,,,0.06
ADM3_TejgaonIndArea,2025-26,13,0,2,0,463,463,,,0.028
ADM3_Teknaf,2024-25,2216,714,1331,8,24622,23103,0.322,0.006,0.09
ADM3_Teknaf,2025-26,2134,707,1082,5,24622,24276,0.331,0.005,0.087
ADM3_Tentulia,2024-25,5362,4668,12,1,13082,13081,0.871,,0.41
ADM3_Tentulia,2025-26,4887,4048,23,0,13082,13082,0.828,,0.374
ADM3_Terokhada,2024-25,4367,4310,49,6,12799,12799,0.987,,0.341
ADM3_Terokhada,2025-26,1839,1713,109,44,12799,12799,0.931,0.404,0.144
ADM3_ThakurgaonSadar,2024-25,32100,30021,4,0,60409,60323,0.935,,0.531
ADM3_ThakurgaonSadar,2025-26,32924,26582,4,0,60409,60409,0.807,,0.545
ADM3_Thanchi,2024-25,149,73,0,0,85747,83341,0.49,,0.002
ADM3_Thanchi,2025-26,66,55,11,4,85747,74525,0.833,,0.001
ADM3_Titas,2024-25,1517,1450,179,62,15002,10760,0.956,0.346,0.101
ADM3_Titas,2025-26,2641,2561,123,45,15002,15002,0.97,0.366,0.176
ADM3_Tongibari,2024-25,8935,8649,1374,101,26336,25911,0.968,0.074,0.339
ADM3_Tongibari,2025-26,8801,8656,1465,62,26336,25577,0.984,0.042,0.334
ADM3_Trishal,2024-25,10199,8323,33,2,46757,46688,0.816,,0.218
ADM3_Trishal,2025-26,3775,452,424,59,46757,46757,0.12,0.139,0.081
ADM3_TungiPara,2024-25,2294,2186,61,6,11465,11465,0.953,0.098,0.2
ADM3_TungiPara,2025-26,1657,1473,109,31,11465,11465,0.889,0.284,0.145
ADM3_Turag,2024-25,286,41,64,47,3523,2560,0.143,0.734,0.081
ADM3_Turag,2025-26,346,27,70,33,3523,3523,0.078,0.471,0.098
ADM3_Ukhia,2024-25,2775,1836,256,0,29085,28341,0.662,0.0,0.095
ADM3_Ukhia,2025-26,1444,974,190,2,29085,28835,0.675,0.011,0.05
ADM3_Ulipur,2024-25,5446,1860,5971,13,32029,22886,0.342,0.002,0.17
ADM3_Ulipur,2025-26,5561,1485,7143,82,32029,31926,0.267,0.011,0.174
ADM3_UllahPara,2024-25,8533,8009,584,529,42787,41567,0.939,0.906,0.199
ADM3_UllahPara,2025-26,12193,11740,685,635,42787,42786,0.963,0.927,0.285
ADM3_UttarKhan,2024-25,167,91,0,0,2825,2824,0.545,,0.059
ADM3_UttarKhan,2025-26,128,63,3,3,2825,2825,0.492,,0.045
ADM3_Uttara,2024-25,22,3,0,0,963,558,,,0.023
ADM3_Uttara,2025-26,14,1,2,0,963,963,,,0.015
ADM3_Wazirpur,2024-25,2457,2367,1152,69,32326,32326,0.963,0.06,0.076
ADM3_Wazirpur,2025-26,2392,1934,1136,24,32326,32326,0.809,0.021,0.074
ADM3_Zakiganj,2024-25,7108,399,739,641,18300,18300,0.056,0.867,0.388
ADM3_Zakiganj,2025-26,3419,407,1066,464,18300,18297,0.119,0.435,0.187
ADM3_Zanjira,2024-25,5944,5611,13385,725,46778,44493,0.944,0.054,0.127
ADM3_Zanjira,2025-26,8516,8256,13523,300,46778,45189,0.969,0.022,0.182
ADM3_Zianagar,2024-25,178,28,1845,15,15760,15624,0.157,0.008,0.011
ADM3_Zianagar,2025-26,87,23,2019,13,15760,15760,0.264,0.006,0.006
